date,kick_off,home_team,away_team,league,country,market,bet_description,odds,confidence_percent,edge_percent,bet_amount,potential_win,outcome_description,actual_pnl,running_total,running_bankroll,win_rate
2025-09-07,21:00,Barcelona,Girona,La Liga,,Under 1.5,Under 1.5 Goals,4.2237592949387075,91.6,286.8,25.0,80.59398237346768,WIN,80.59398237346768,80.59398237346768,1080.5939823734677,100.0
2025-09-07,16:30,Liverpool,Nottingham Forest,Premier League,,Over 1.5,Over 1.5 Goals,2.3064542628880607,69.7,60.7,25.0,32.66135657220152,LOSS,-25.0,55.59398237346768,1055.5939823734677,50.0
2025-09-07,15:30,Bayern Munich,Freiburg,Bundesliga,,Over 9.5 Corners,Over 9.5 Total Corners,2.1722808240148797,68.3,48.5,25.0,29.30702060037199,LOSS,-25.0,30.593982373467682,1030.5939823734677,33.3
2025-09-07,14:00,Manchester City,Brighton,Premier League,,Over 1.5,Over 1.5 Goals,2.0809070658801923,69.7,45.0,25.0,27.022676647004808,WIN,27.022676647004808,57.61665902047249,1057.6166590204725,50.0
2025-09-07,15:00,Juventus,Roma,Serie A,,Over 9.5 Corners,Over 9.5 Total Corners,1.985770993913854,72.2,43.3,25.0,24.644274847846347,WIN,24.644274847846347,82.26093386831883,1082.2609338683187,60.0
2025-09-07,21:00,Barcelona,Girona,La Liga,,Over 9.5 Corners,Over 9.5 Total Corners,1.9805279798448925,72.2,42.9,25.0,24.51319949612231,WIN,24.51319949612231,106.77413336444114,1106.7741333644412,66.7
2025-09-07,20:45,Inter Milan,Atalanta,Serie A,,Over 1.5,Over 1.5 Goals,2.0042302344039515,70.3,40.8,25.0,25.10575586009879,WIN,25.10575586009879,131.87988922453994,1131.87988922454,71.4
2025-09-07,16:30,Liverpool,Nottingham Forest,Premier League,,Over 9.5 Corners,Over 9.5 Total Corners,2.1197291618227654,66.7,41.4,25.0,27.993229045569134,LOSS,-25.0,106.87988922453994,1106.87988922454,62.5
2025-09-07,15:00,Novorizontino,Atlético GO,Unknown,,Over 1.5,Over 1.5 Goals,2.352950552048408,77.0,81.3,25.0,33.823763801210205,WIN,33.823763801210205,140.70365302575016,1140.70365302575,66.7
2025-09-07,15:00,Cuiabá,CRB,Unknown,,Over 1.5,Over 1.5 Goals,1.843307988751456,77.0,42.0,25.0,21.0826997187864,WIN,21.0826997187864,161.78635274453654,1161.7863527445365,70.0
2025-09-07,15:00,Cuiabá,CRB,Unknown,,Home Under 1.5,Home Team Under 1.5 Goals,1.5735017117311147,72.5,14.1,25.0,14.33754279327787,WIN,14.33754279327787,176.1238955378144,1176.1238955378144,72.7
2025-09-07,15:00,Cuiabá,CRB,Unknown,,Over 9.5 Corners,Over 9.5 Total Corners,1.7000782099077143,66.8,13.6,25.0,17.50195524769286,LOSS,-25.0,151.1238955378144,1151.1238955378144,66.7
2025-09-07,15:00,Novorizontino,Atlético GO,Unknown,,Away +1,Away Team +1 Handicap,1.4330541099392724,76.3,9.4,25.0,10.82635274848181,LOSS,-25.0,126.1238955378144,1126.1238955378144,61.5
2025-09-08,16:00,Madagascar,Chad,World Cup - Qualification Africa,,Over 1.5,Over 1.5 Goals,2.1185623937310374,75.2,59.3,25.0,27.964059843275933,WIN,27.964059843275933,154.08795538109035,1154.0879553810903,64.3
2025-09-08,19:00,Libya,Eswatini,World Cup - Qualification Africa,,Over 1.5,Over 1.5 Goals,2.171396208559776,71.7,55.8,25.0,29.284905213994406,WIN,29.284905213994406,183.37286059508477,1183.3728605950848,66.7
2025-09-08,16:00,Guinea,Algeria,World Cup - Qualification Africa,,Over 9.5 Corners,Over 9.5 Total Corners,2.1131611631465983,72.6,53.5,25.0,27.82902907866496,WIN,27.82902907866496,211.20188967374975,1211.2018896737497,68.8
2025-09-08,23:00,New England II,Huntsville City,MLS Next Pro,,Over 1.5,Over 1.5 Goals,1.9919877270427824,73.2,45.8,25.0,24.79969317606956,WIN,24.79969317606956,236.0015828498193,1236.0015828498192,70.6
2025-09-08,16:00,Carl Zeiss Jena  W,1899 Hoffenheim W,Frauen Bundesliga,,Over 1.5,Over 1.5 Goals,2.128309373508084,68.5,45.7,25.0,28.207734337702096,WIN,28.207734337702096,264.2093171875214,1264.2093171875213,72.2
2025-09-08,13:00,Zambia,Morocco,World Cup - Qualification Africa,,Over 1.5,Over 1.5 Goals,1.9653805858024889,70.9,39.3,25.0,24.13451464506222,WIN,24.13451464506222,288.3438318325836,1288.3438318325836,73.7
2025-09-08,19:00,Ghana,Mali,World Cup - Qualification Africa,,Over 9.5 Corners,Over 9.5 Total Corners,1.726210277348142,78.7,35.8,25.0,18.15525693370355,WIN,18.15525693370355,306.4990887662871,1306.499088766287,75.0
2025-09-08,22:00,Tivoli Gardens,Spanish Town Police,Premier League,,Over 9.5 Corners,Over 9.5 Total Corners,2.0880467250107926,66.7,39.2,25.0,27.201168125269813,WIN,27.201168125269813,333.70025689155693,1333.7002568915568,76.2
2025-09-09,00:30,Vila Nova,Athletic Club,Serie B,,Over 2.5,Over 2.5 Goals,2.616721369708716,67.5,76.8,25.0,40.4180342427179,WIN,40.4180342427179,374.11829113427484,1374.1182911342748,77.3
2025-09-09,00:30,El Salvador,Suriname,World Cup - Qualification CONCACAF,,Over 1.5,Over 1.5 Goals,2.3729489436790385,70.3,66.9,25.0,34.32372359197596,WIN,34.32372359197596,408.4420147262508,1408.4420147262508,78.3
2025-09-09,16:00,Cape Verde Islands,Cameroon,World Cup - Qualification Africa,,Over 1.5,Over 1.5 Goals,2.3112455187020755,70.8,63.7,25.0,32.781137967551885,WIN,32.781137967551885,441.2231526938027,1441.2231526938026,79.2
2025-09-09,23:30,Chile,Uruguay,World Cup - Qualification South America,,Over 1.5,Over 1.5 Goals,2.383046242582057,68.9,64.3,25.0,34.57615606455142,WIN,34.57615606455142,475.79930875835413,1475.799308758354,80.0
2025-09-09,13:00,Sierra Leone,Ethiopia,World Cup - Qualification Africa,,Over 1.5,Over 1.5 Goals,2.304200879359145,69.5,60.0,25.0,32.605021983978624,LOSS,-25.0,450.79930875835413,1450.799308758354,76.9
2025-09-09,16:00,Congo DR,Senegal,World Cup - Qualification Africa,,Over 1.5,Over 1.5 Goals,2.2556642742984825,70.3,58.7,25.0,31.39160685746206,WIN,31.39160685746206,482.1909156158162,1482.1909156158163,77.8
2025-09-09,18:45,Albania,Latvia,World Cup - Qualification Europe,,Over 9.5 Corners,Over 9.5 Total Corners,2.149278709117442,72.9,56.6,25.0,28.73196772793605,WIN,28.73196772793605,510.92288334375223,1510.9228833437523,78.6
2025-09-09,16:00,Togo,Sudan,World Cup - Qualification Africa,,Over 1.5,Over 1.5 Goals,2.314630491438746,66.2,53.1,25.0,32.86576228596865,WIN,32.86576228596865,543.7886456297209,1543.788645629721,79.3
2025-09-10,14:00,Molodechno-DYuSSh 4,Neman,Premier League,,Over 9.5 Corners,Over 9.5 Total Corners,1.8430644273310977,74.1,36.6,25.0,21.07661068327744,WIN,21.07661068327744,564.8652563129983,1564.8652563129983,80.0
2025-09-10,00:00,Curaçao,Bermuda,World Cup - Qualification CONCACAF,,Over 9.5 Corners,Over 9.5 Total Corners,1.9472015550738464,72.6,41.4,25.0,23.68003887684616,WIN,23.68003887684616,588.5452951898445,1588.5452951898446,80.6
2025-09-10,02:00,Costa Rica,Haiti,World Cup - Qualification CONCACAF,,BTTS No,Both Teams to Score - No,2.22,62.5,38.7,25.0,30.500000000000004,WIN,30.500000000000004,619.0452951898445,1619.0452951898446,81.2
2025-09-11,17:00,Brann W,Manchester United W,UEFA Champions League Women,World,Over 1.5,Over 1.5 Goals,2.2203619992492647,69.8,54.9,25.0,30.509049981231616,WIN,30.509049981231616,649.5543451710762,1649.5543451710762,81.8
2025-09-11,17:30,St. Pölten W,Fortuna Hjørring,UEFA Champions League Women,World,Home Over 1.5,Home Team Over 1.5 Goals,3.046262933165229,62.9,91.6,25.0,51.15657332913073,LOSS,-25.0,624.5543451710762,1624.5543451710762,79.4
2025-09-11,18:30,Roma W,Sporting CP W,UEFA Champions League Women,World,Over 9.5 Corners,Over 9.5 Total Corners,2.6587349579171464,62.9,67.4,25.0,41.46837394792866,LOSS,-25.0,599.5543451710762,1599.5543451710762,77.1
2025-09-11,17:00,Paris FC W,Austria Wien W,UEFA Champions League Women,World,Over 9.5 Corners,Over 9.5 Total Corners,1.9878264974220512,73.5,46.1,25.0,24.69566243555128,LOSS,-25.0,574.5543451710762,1574.5543451710762,75.0
2025-09-11,17:30,Vorskla Poltava W,OH Leuven W,UEFA Champions League Women,World,Over 1.5,Over 1.5 Goals,1.911618317088194,72.3,38.3,25.0,22.790457927204848,WIN,22.790457927204848,597.3448030982811,1597.344803098281,75.7
2025-09-11,17:00,Häcken,Atletico Madrid W,UEFA Champions League Women,World,Over 9.5 Corners,Over 9.5 Total Corners,1.977217902273806,64.7,27.9,25.0,24.43044755684515,WIN,24.43044755684515,621.7752506551262,1621.7752506551262,76.3
2025-09-13,15:30,Wisla Plock,Cracovia Krakow,Ekstraklasa,Poland,Over 9.5 Corners,Over 9.5 Total Corners,2.094391204794327,80.4,68.3,25.0,27.35978011985818,WIN,27.35978011985818,649.1350307749844,1649.1350307749844,76.9
2025-09-13,15:30,Wisla Plock,Cracovia Krakow,Ekstraklasa,Poland,Over 1.5,Over 1.5 Goals,2.160684047049986,71.1,53.6,25.0,29.01710117624965,WIN,29.01710117624965,678.1521319512341,1678.152131951234,77.5
2025-09-13,15:30,Wisla Plock,Cracovia Krakow,Ekstraklasa,Poland,BTTS No,Both Teams to Score - No,1.9,62.0,17.8,25.0,22.499999999999996,WIN,22.499999999999996,700.6521319512341,1700.652131951234,78.0
2025-09-13,15:30,Wisla Plock,Cracovia Krakow,Ekstraklasa,Poland,Home Under 1.5,Home Team Under 1.5 Goals,1.6038216388704212,68.0,9.0,25.0,15.09554097176053,WIN,15.09554097176053,715.7476729229946,1715.7476729229948,78.6
2025-09-14,13:00,Burnley,Liverpool,Premier League,England,Away -1,Away -1,6.8430029269498736,82.1,461.5,25.0,146.07507317374683,WIN,146.07507317374683,861.8227460967414,1861.8227460967414,79.1
2025-09-14,12:30,Heracles,AZ Alkmaar,Eredivisie,Netherlands,Away -1,Away -1,6.695088368744285,82.1,449.3,25.0,142.37720921860713,LOSS,-25.0,836.8227460967414,1836.8227460967414,77.3
2025-09-14,15:15,Paris Saint Germain,Lens,Ligue 1,France,Home -1,Home -1,6.012646548122621,75.0,350.9,25.0,125.31616370306553,WIN,125.31616370306553,962.1389097998069,1962.138909799807,77.8
2025-09-14,19:30,SC Braga,GIL Vicente,Primeira Liga,Portugal,Home -1,Home -1,3.595330760904049,79.4,185.3,25.0,64.88326902260123,WIN,64.88326902260123,1027.0221788224083,2027.0221788224083,78.3
2025-09-14,12:00,Celta Vigo,Girona,La Liga,Spain,BTTS No,Both Teams to Score - No,2.65,87.1,130.7,25.0,41.25,WIN,41.25,1068.2721788224083,2068.272178822408,78.7
2025-09-14,16:30,Sporting Gijon,Burgos,Segunda División,Spain,Over 11.5 Corners,Over 11.5 Total Corners,4.03182933748884,63.0,153.9,25.0,75.79573343722099,WIN,75.79573343722099,1144.0679122596293,2144.0679122596293,79.2
2025-09-14,13:00,Burnley,Liverpool,Premier League,England,Over 11.5 Corners,Over 11.5 Total Corners,3.605795840586805,68.0,145.3,25.0,65.14489601467012,WIN,65.14489601467012,1209.2128082742995,2209.2128082742993,79.6
2025-09-14,10:15,Motor Lublin,Nieciecza,Ekstraklasa,Poland,BTTS No,Both Teams to Score - No,2.46,80.7,98.6,25.0,36.5,WIN,36.5,1245.7128082742995,2245.7128082742993,80.0
2025-09-14,19:00,Barcelona,Valencia,La Liga,Spain,Home -1,Home -1,3.3093982640840256,65.1,115.5,25.0,57.73495660210064,LOSS,-25.0,1220.7128082742995,2220.7128082742993,78.4
2025-09-14,15:00,KFUM Oslo,Viking,Eliteserien,Norway,Over 11.5 Corners,Over 11.5 Total Corners,2.6960054853755975,73.8,99.1,25.0,42.40013713438994,LOSS,-25.0,1195.7128082742995,2195.7128082742993,76.9
2025-09-14,18:00,Leones Negros UDG,CA La Paz,Liga de Expansión MX,Mexico,BTTS No,Both Teams to Score - No,2.6,75.2,95.4,25.0,40.0,LOSS,-25.0,1170.7128082742995,2170.7128082742993,75.5
2025-09-14,13:00,Burnley,Liverpool,Premier League,England,Away Over 1.5,Away Team Over 1.5 Goals,3.434929383418579,60.5,107.7,25.0,60.87323458546447,LOSS,-25.0,1145.7128082742995,2145.7128082742993,74.1
2025-09-14,12:00,Djurgardens IF,Hammarby FF,Allsvenskan,Sweden,Over 9.5 Corners,Over 9.5 Total Corners,2.1458442822103834,81.9,75.9,25.0,28.646107055259584,WIN,28.646107055259584,1174.358915329559,2174.358915329559,74.5
2025-09-14,14:00,Kayserispor,Goztepe,Süper Lig,Turkey,BTTS No,Both Teams to Score - No,2.13,80.3,71.1,25.0,28.249999999999996,LOSS,-25.0,1149.358915329559,2149.358915329559,73.2
2025-09-14,12:45,Oţelul,FC Botosani,Liga I,Romania,Over 9.5 Corners,Over 9.5 Total Corners,1.988162368234956,81.9,62.9,25.0,24.7040592058739,WIN,24.7040592058739,1174.0629745354329,2174.0629745354327,73.7
2025-09-14,18:00,York United,Atlético Ottawa,Canadian Premier League,Canada,Over 11.5 Corners,Over 11.5 Total Corners,2.3518795280351488,73.8,73.7,25.0,33.79698820087872,WIN,33.79698820087872,1207.8599627363117,2207.859962736312,74.1
2025-09-14,13:00,Virtus Entella,Mantova,Serie B,Italy,BTTS No,Both Teams to Score - No,2.27,75.2,70.6,25.0,31.75,WIN,31.75,1239.6099627363117,2239.609962736312,74.6
2025-09-14,12:00,Djurgardens IF,Hammarby FF,Allsvenskan,Sweden,Home Under 1.5,Home Team Under 1.5 Goals,1.7634009894095082,87.1,53.6,25.0,19.085024735237706,WIN,19.085024735237706,1258.6949874715494,2258.694987471549,75.0
2025-09-14,17:00,Arouca,Casa Pia,Primeira Liga,Portugal,BTTS No,Both Teams to Score - No,2.47,70.7,74.7,25.0,36.75000000000001,WIN,36.75000000000001,1295.4449874715494,2295.444987471549,75.4
2025-09-14,18:00,Csikszereda,FCSB,Liga I,Romania,Home Under 1.5,Home Team Under 1.5 Goals,1.7480495327020662,85.9,50.2,25.0,18.701238317551656,WIN,18.701238317551656,1314.1462257891012,2314.146225789101,75.8
2025-09-14,15:15,Stade Brestois 29,Paris FC,Ligue 1,France,BTTS No,Both Teams to Score - No,2.74,65.0,78.1,25.0,43.50000000000001,LOSS,-25.0,1289.1462257891012,2289.146225789101,74.6
2025-09-14,15:30,Manchester City,Manchester United,Premier League,England,BTTS No,Both Teams to Score - No,2.84,63.3,79.8,25.0,46.0,WIN,46.0,1335.1462257891012,2335.146225789101,75.0
2025-09-14,16:30,Osasuna,Rayo Vallecano,La Liga,Spain,Over 9.5 Corners,Over 9.5 Total Corners,2.0834938770467337,77.3,61.1,25.0,27.087346926168344,WIN,27.087346926168344,1362.2335727152695,2362.2335727152695,75.4
2025-09-14,14:15,Racing Santander,Cultural Leonesa,Segunda División,Spain,BTTS No,Both Teams to Score - No,2.31,72.4,67.2,25.0,32.75,WIN,32.75,1394.9835727152695,2394.9835727152695,75.8
2025-09-14,12:00,FC Winterthur,FC Sion,Super League,Switzerland,Home Under 1.5,Home Team Under 1.5 Goals,1.7442867698243494,85.6,49.3,25.0,18.607169245608734,WIN,18.607169245608734,1413.5907419608782,2413.5907419608784,76.1
2025-09-14,12:45,Legia Warszawa,Radomiak Radom,Ekstraklasa,Poland,BTTS No,Both Teams to Score - No,2.81,63.5,78.5,25.0,45.25,LOSS,-25.0,1388.5907419608782,2388.5907419608784,75.0
2025-09-14,15:00,KFUM Oslo,Viking,Eliteserien,Norway,Over 9.5 Corners,Over 9.5 Total Corners,1.7207461301075042,85.7,47.5,25.0,18.018653252687606,WIN,18.018653252687606,1406.6093952135657,2406.6093952135657,75.4
2025-09-14,14:30,Estrela,Guimaraes,Primeira Liga,Portugal,Over 9.5 Corners,Over 9.5 Total Corners,1.806294230321561,81.9,48.0,25.0,20.157355758039024,LOSS,-25.0,1381.6093952135657,2381.6093952135657,74.3
2025-09-14,12:30,Heracles,AZ Alkmaar,Eredivisie,Netherlands,Draw/Away,Draw or Away Win,2.2,72.8,60.2,25.0,30.000000000000004,LOSS,-25.0,1356.6093952135657,2356.6093952135657,73.2
2025-09-14,14:30,Grasshoppers,Lausanne,Super League,Switzerland,BTTS No,Both Teams to Score - No,2.7,63.6,71.6,25.0,42.50000000000001,WIN,42.50000000000001,1399.1093952135657,2399.1093952135657,73.6
2025-09-14,10:15,Motor Lublin,Nieciecza,Ekstraklasa,Poland,Over 9.5 Corners,Over 9.5 Total Corners,1.794240113681328,81.9,47.0,25.0,19.8560028420332,WIN,19.8560028420332,1418.9653980555988,2418.9653980555986,74.0
2025-09-14,12:30,Heracles,AZ Alkmaar,Eredivisie,Netherlands,Over 9.5 Corners,Over 9.5 Total Corners,2.662414730641673,64.0,70.5,25.0,41.56036826604183,LOSS,-25.0,1393.9653980555988,2393.9653980555986,73.0
2025-09-14,11:30,Preußen Münster,Fortuna Düsseldorf,2. Bundesliga,Germany,Over 9.5 Corners,Over 9.5 Total Corners,2.102748888813331,74.3,56.2,25.0,27.568722220333274,WIN,27.568722220333274,1421.534120275932,2421.534120275932,73.3
2025-09-14,13:00,Burnley,Liverpool,Premier League,England,Draw/Away,Draw or Away Win,2.1,74.3,55.9,25.0,27.500000000000004,WIN,27.500000000000004,1449.034120275932,2449.034120275932,73.7
2025-09-14,13:00,FF Jaro,AC Oulu,Veikkausliiga,Finland,BTTS No,Both Teams to Score - No,2.47,66.9,65.2,25.0,36.75000000000001,LOSS,-25.0,1424.034120275932,2424.034120275932,72.7
2025-09-14,11:30,SV Elversberg,Dynamo Dresden,2. Bundesliga,Germany,BTTS No,Both Teams to Score - No,2.6,64.6,67.9,25.0,40.0,WIN,40.0,1464.034120275932,2464.034120275932,73.1
2025-09-14,17:15,Haugesund,Rosenborg,Eliteserien,Norway,Over 9.5 Corners,Over 9.5 Total Corners,2.1979032852987284,71.7,57.6,25.0,29.94758213246821,WIN,29.94758213246821,1493.9817024084002,2493.9817024084005,73.4
2025-09-14,16:30,Sporting Gijon,Burgos,Segunda División,Spain,BTTS No,Both Teams to Score - No,2.55,65.0,65.7,25.0,38.74999999999999,WIN,38.74999999999999,1532.7317024084002,2532.7317024084005,73.8
2025-09-14,17:30,TSV 1860 München,Havelse,3. Liga,Germany,BTTS No,Both Teams to Score - No,2.39,67.8,62.0,25.0,34.75,LOSS,-25.0,1507.7317024084002,2507.7317024084005,72.8
2025-09-14,18:00,York United,Atlético Ottawa,Canadian Premier League,Canada,Over 9.5 Corners,Over 9.5 Total Corners,2.0373131846656394,74.8,52.3,25.0,25.932829616640984,WIN,25.932829616640984,1533.6645320250411,2533.664532025041,73.2
2025-09-14,13:00,FF Jaro,AC Oulu,Veikkausliiga,Finland,Over 9.5 Corners,Over 9.5 Total Corners,1.9977804633637968,75.4,50.7,25.0,24.94451158409492,WIN,24.94451158409492,1558.609043609136,2558.6090436091363,73.5
2025-09-14,15:30,Widzew Łódź,Arka Gdynia,Ekstraklasa,Poland,Home Over 1.5,Home Team Over 1.5 Goals,2.395155071445875,67.3,61.3,25.0,34.878876786146876,WIN,34.878876786146876,1593.487920395283,2593.4879203952833,73.8
2025-09-14,18:00,York United,Atlético Ottawa,Canadian Premier League,Canada,BTTS No,Both Teams to Score - No,2.84,60.0,70.3,25.0,46.0,WIN,46.0,1639.487920395283,2639.4879203952833,74.1
2025-09-14,18:00,Csikszereda,FCSB,Liga I,Romania,Draw/Away,Draw or Away Win,2.34,67.9,58.9,25.0,33.5,WIN,33.5,1672.987920395283,2672.9879203952833,74.4
2025-09-14,13:30,FC St. Pauli,FC Augsburg,Bundesliga,Germany,BTTS No,Both Teams to Score - No,2.41,66.6,60.4,25.0,35.25,LOSS,-25.0,1647.987920395283,2647.9879203952833,73.6
2025-09-14,14:30,Waldhof Mannheim,Energie Cottbus,3. Liga,Germany,Over 9.5 Corners,Over 9.5 Total Corners,2.7983804198581823,59.7,67.1,25.0,44.959510496454556,LOSS,-25.0,1622.987920395283,2622.9879203952833,72.7
2025-09-14,15:00,Sarpsborg 08 FF,Sandefjord,Eliteserien,Norway,BTTS No,Both Teams to Score - No,2.83,59.1,67.2,25.0,45.75,LOSS,-25.0,1597.987920395283,2597.9879203952833,71.9
2025-09-14,12:00,FC Winterthur,FC Sion,Super League,Switzerland,Over 9.5 Corners,Over 9.5 Total Corners,1.8189835772825376,77.3,40.7,25.0,20.47458943206344,WIN,20.47458943206344,1618.4625098273464,2618.4625098273464,72.2
2025-09-14,12:00,Djurgardens IF,Hammarby FF,Allsvenskan,Sweden,BTTS No,Both Teams to Score - No,2.68,60.4,61.8,25.0,42.00000000000001,WIN,42.00000000000001,1660.4625098273464,2660.4625098273464,72.5
2025-09-14,16:30,Sporting Gijon,Burgos,Segunda División,Spain,Over 9.5 Corners,Over 9.5 Total Corners,1.8674066498884323,75.4,40.9,25.0,21.68516624721081,WIN,21.68516624721081,1682.1476760745572,2682.1476760745572,72.8
2025-09-14,17:15,Haugesund,Rosenborg,Eliteserien,Norway,Draw/Away,Draw or Away Win,1.49,85.2,26.9,25.0,12.25,WIN,12.25,1694.3976760745572,2694.3976760745572,73.1
2025-09-14,23:00,Club Queretaro,Monterrey,Liga MX,Mexico,BTTS No,Both Teams to Score - No,2.47,63.2,56.0,25.0,36.75000000000001,WIN,36.75000000000001,1731.1476760745572,2731.1476760745572,73.4
2025-09-14,11:30,SpVgg Greuther Fürth,1. FC Kaiserslautern,2. Bundesliga,Germany,BTTS No,Both Teams to Score - No,2.68,59.8,60.3,25.0,42.00000000000001,LOSS,-25.0,1706.1476760745572,2706.1476760745572,72.6
2025-09-14,17:30,Empoli,Spezia,Serie B,Italy,Over 1.5,Over 1.5 Goals,2.364691127392461,64.2,51.9,25.0,34.117278184811525,WIN,34.117278184811525,1740.2649542593688,2740.264954259369,72.9
2025-09-14,16:00,Sassuolo,Lazio,Serie A,Italy,Over 9.5 Corners,Over 9.5 Total Corners,1.865977309016204,74.8,39.5,25.0,21.6494327254051,WIN,21.6494327254051,1761.914386984774,2761.914386984774,73.2
2025-09-14,13:30,FC St. Pauli,FC Augsburg,Bundesliga,Germany,Over 1.5,Over 1.5 Goals,2.3633453078302793,64.2,51.8,25.0,34.08363269575698,WIN,34.08363269575698,1795.998019680531,2795.998019680531,73.5
2025-09-14,18:45,Rennes,Lyon,Ligue 1,France,Over 9.5 Corners,Over 9.5 Total Corners,1.8402800874486345,74.8,37.6,25.0,21.00700218621586,WIN,21.00700218621586,1817.0050218667468,2817.0050218667466,73.7
2025-09-14,12:45,Oţelul,FC Botosani,Liga I,Romania,BTTS No,Both Teams to Score - No,2.69,58.7,57.9,25.0,42.25,WIN,42.25,1859.2550218667468,2859.2550218667466,74.0
2025-09-14,12:00,FC Winterthur,FC Sion,Super League,Switzerland,Draw/Away,Draw or Away Win,2.14,67.9,45.3,25.0,28.500000000000004,WIN,28.500000000000004,1887.7550218667468,2887.7550218667466,74.3
2025-09-14,11:00,Fayal,CD Olivais e Moscavide,Taça de Portugal,Portugal,Over 9.5 Corners,Over 9.5 Total Corners,1.9801713571170951,71.1,40.8,25.0,24.50428392792738,WIN,24.50428392792738,1912.2593057946742,2912.259305794674,74.5
2025-09-14,15:00,KFUM Oslo,Viking,Eliteserien,Norway,BTTS No,Both Teams to Score - No,1.91,72.4,38.2,25.0,22.749999999999996,WIN,22.749999999999996,1935.0093057946742,2935.009305794674,74.8
2025-09-14,16:00,Gazişehir Gaziantep,Kocaelispor,Süper Lig,Turkey,BTTS No,Both Teams to Score - No,2.37,63.3,50.0,25.0,34.25,WIN,34.25,1969.2593057946742,2969.259305794674,75.0
2025-09-14,14:45,Telstar,Fortuna Sittard,Eredivisie,Netherlands,Over 1.5,Over 1.5 Goals,2.3131488346196556,64.2,48.6,25.0,32.82872086549139,LOSS,-25.0,1944.2593057946742,2944.259305794674,74.3
2025-09-14,16:00,Sassuolo,Lazio,Serie A,Italy,Draw/Away,Draw or Away Win,2.17,67.3,46.1,25.0,29.25,WIN,29.25,1973.5093057946742,2973.509305794674,74.5
2025-09-14,15:30,Widzew Łódź,Arka Gdynia,Ekstraklasa,Poland,BTTS No,Both Teams to Score - No,2.54,60.3,53.2,25.0,38.5,WIN,38.5,2012.0093057946742,3012.009305794674,74.8
2025-09-14,13:00,Virtus Entella,Mantova,Serie B,Italy,Over 1.5,Over 1.5 Goals,2.3525337419857615,63.2,48.8,25.0,33.81334354964404,LOSS,-25.0,1987.0093057946742,2987.009305794674,74.1
2025-09-14,19:00,Granada CF,Leganes,Segunda División,Spain,BTTS No,Both Teams to Score - No,2.59,59.3,53.5,25.0,39.75,WIN,39.75,2026.7593057946742,3026.759305794674,74.3
2025-09-14,15:00,Sarpsborg 08 FF,Sandefjord,Eliteserien,Norway,Over 9.5 Corners,Over 9.5 Total Corners,1.9939363568912003,69.7,38.9,25.0,24.848408922280008,WIN,24.848408922280008,2051.6077147169544,3051.6077147169544,74.5
2025-09-14,12:00,Celta Vigo,Girona,La Liga,Spain,Away Under 1.5,Away Team Under 1.5 Goals,1.5356162070725936,80.6,23.7,25.0,13.39040517681484,WIN,13.39040517681484,2064.9981198937694,3064.9981198937694,74.8
2025-09-14,18:00,Csikszereda,FCSB,Liga I,Romania,Over 1.5,Over 1.5 Goals,1.9698785927697384,69.9,37.6,25.0,24.24696481924346,WIN,24.24696481924346,2089.245084713013,3089.245084713013,75.0
2025-09-14,12:00,Celta Vigo,Girona,La Liga,Spain,Over 1.5,Over 1.5 Goals,2.275154348797204,63.5,44.6,25.0,31.878858719930104,LOSS,-25.0,2064.245084713013,3064.245084713013,74.3
2025-09-14,12:00,FC Andorra,Cordoba,Segunda División,Spain,Under 11.5 Corners,Under 11.5 Total Corners,1.4978843825025985,80.9,21.2,25.0,12.447109562564961,WIN,12.447109562564961,2076.692194275578,3076.692194275578,74.6
2025-09-14,10:15,Excelsior,Sparta Rotterdam,Eredivisie,Netherlands,Over 9.5 Corners,Over 9.5 Total Corners,2.1739180114818595,65.1,41.6,25.0,29.347950287046487,WIN,29.347950287046487,2106.0401445626244,3106.0401445626244,74.8
2025-09-14,11:00,Southampton,Portsmouth,Championship,England,Home/Draw,Home Win or Draw,2.03,67.7,37.5,25.0,25.749999999999996,LOSS,-25.0,2081.0401445626244,3081.0401445626244,74.1
2025-09-14,14:30,Grasshoppers,Lausanne,Super League,Switzerland,Over 1.5,Over 1.5 Goals,2.1229280098556993,65.8,39.6,25.0,28.07320024639248,LOSS,-25.0,2056.0401445626244,3056.0401445626244,73.5
2025-09-14,16:30,Osasuna,Rayo Vallecano,La Liga,Spain,Draw/Away,Draw or Away Win,2.23,63.8,42.2,25.0,30.75,WIN,30.75,2086.7901445626244,3086.7901445626244,73.7
2025-09-14,15:00,Sarpsborg 08 FF,Sandefjord,Eliteserien,Norway,Home Under 1.5,Home Team Under 1.5 Goals,1.7237462140923008,74.3,28.0,25.0,18.09365535230752,LOSS,-25.0,2061.7901445626244,3061.7901445626244,73.1
2025-09-14,19:30,SC Braga,GIL Vicente,Primeira Liga,Portugal,BTTS No,Both Teams to Score - No,2.25,63.3,42.5,25.0,31.25,WIN,31.25,2093.0401445626244,3093.0401445626244,73.3
2025-09-14,14:30,Grasshoppers,Lausanne,Super League,Switzerland,Over 9.5 Corners,Over 9.5 Total Corners,1.9735803770475664,68.4,35.0,25.0,24.33950942618916,LOSS,-25.0,2068.0401445626244,3068.0401445626244,72.7
2025-09-14,14:00,Kayserispor,Goztepe,Süper Lig,Turkey,Over 1.5,Over 1.5 Goals,2.179968830714219,64.2,40.0,25.0,29.499220767855473,LOSS,-25.0,2043.0401445626244,3043.0401445626244,72.1
2025-09-14,12:00,Djurgardens IF,Hammarby FF,Allsvenskan,Sweden,Over 1.5,Over 1.5 Goals,2.2662219824580294,62.7,42.0,25.0,31.655549561450734,WIN,31.655549561450734,2074.695694124075,3074.695694124075,72.4
2025-09-14,15:15,Paris Saint Germain,Lens,Ligue 1,France,Away Under 1.5,Away Team Under 1.5 Goals,1.6345447456240323,75.9,24.0,25.0,15.863618640600807,WIN,15.863618640600807,2090.5593127646757,3090.5593127646757,72.6
2025-09-14,11:00,Fayal,CD Olivais e Moscavide,Taça de Portugal,Portugal,Over 1.5,Over 1.5 Goals,2.1694776665286244,64.2,39.3,25.0,29.23694166321561,WIN,29.23694166321561,2119.796254427891,3119.796254427891,72.8
2025-09-14,10:15,Motor Lublin,Nieciecza,Ekstraklasa,Poland,Home Under 1.5,Home Team Under 1.5 Goals,1.704960610327945,74.0,26.1,25.0,17.62401525819863,WIN,17.62401525819863,2137.42026968609,3137.42026968609,73.0
2025-09-14,15:30,Borussia Mönchengladbach,Werder Bremen,Bundesliga,Germany,Under 11.5 Corners,Under 11.5 Total Corners,1.445492790434073,80.9,16.9,25.0,11.137319760851828,LOSS,-25.0,2112.42026968609,3112.42026968609,72.4
2025-09-14,17:00,Arouca,Casa Pia,Primeira Liga,Portugal,Away Under 1.5,Away Team Under 1.5 Goals,1.7753723014166054,72.2,28.2,25.0,19.384307535415136,LOSS,-25.0,2087.42026968609,3087.42026968609,71.9
2025-09-14,12:00,FC Winterthur,FC Sion,Super League,Switzerland,BTTS No,Both Teams to Score - No,2.21,63.3,39.9,25.0,30.25,WIN,30.25,2117.67026968609,3117.67026968609,72.1
2025-09-14,14:30,FC Luzern,BSC Young Boys,Super League,Switzerland,Over 1.5,Over 1.5 Goals,1.9610425545270744,68.0,33.3,25.0,24.026063863176862,WIN,24.026063863176862,2141.6963335492665,3141.6963335492665,72.3
2025-09-14,16:00,Gazişehir Gaziantep,Kocaelispor,Süper Lig,Turkey,Home/Away,Home Win or Away Win (No Draw),1.35,83.5,12.7,25.0,8.750000000000002,WIN,8.750000000000002,2150.4463335492665,3150.4463335492665,72.5
2025-09-14,11:00,Southampton,Portsmouth,Championship,England,Over 1.5,Over 1.5 Goals,2.155302024762785,64.1,38.2,25.0,28.882550619069626,WIN,28.882550619069626,2179.328884168336,3179.328884168336,72.7
2025-09-14,11:00,Southampton,Portsmouth,Championship,England,BTTS No,Both Teams to Score - No,2.18,63.6,38.6,25.0,29.500000000000004,WIN,29.500000000000004,2208.828884168336,3208.828884168336,72.9
2025-09-14,15:00,Ham-Kam,Stromsgodset,Eliteserien,Norway,Over 9.5 Corners,Over 9.5 Total Corners,1.8681297099618213,69.7,30.3,25.0,21.703242749045533,WIN,21.703242749045533,2230.5321269173814,3230.5321269173814,73.1
2025-09-14,19:00,Barcelona,Valencia,La Liga,Spain,Away Under 1.5,Away Team Under 1.5 Goals,1.608876769043083,75.9,22.1,25.0,15.221919226077073,LOSS,-25.0,2205.5321269173814,3205.5321269173814,72.6
2025-09-14,10:30,AS Roma,Torino,Serie A,Italy,Home Over 1.5,Home Team Over 1.5 Goals,2.1567874989935754,64.4,38.8,25.0,28.919687474839385,WIN,28.919687474839385,2234.451814392221,3234.451814392221,72.8
2025-09-14,11:30,VfL Osnabrück,Hansa Rostock,3. Liga,Germany,Under 11.5 Corners,Under 11.5 Total Corners,1.4158451647569832,80.9,14.6,25.0,10.39612911892458,WIN,10.39612911892458,2244.8479435111453,3244.8479435111453,73.0
2025-09-14,12:30,Utrecht,Groningen,Eredivisie,Netherlands,BTTS No,Both Teams to Score - No,2.39,59.7,42.8,25.0,34.75,LOSS,-25.0,2219.8479435111453,3219.8479435111453,72.5
2025-09-14,15:00,Universitatea Craiova,Farul Constanta,Liga I,Romania,Over 9.5 Corners,Over 9.5 Total Corners,1.7034845314368032,73.0,24.4,25.0,17.58711328592008,WIN,17.58711328592008,2237.4350567970655,3237.4350567970655,72.7
2025-09-14,17:30,TSV 1860 München,Havelse,3. Liga,Germany,Away Under 1.5,Away Team Under 1.5 Goals,1.6033166061638426,75.4,20.9,25.0,15.082915154096066,LOSS,-25.0,2212.4350567970655,3212.4350567970655,72.1
2025-09-14,16:00,Fenerbahce,Trabzonspor,Süper Lig,Turkey,Under 11.5 Corners,Under 11.5 Total Corners,1.3969761195453485,80.9,13.0,25.0,9.924402988633712,LOSS,-25.0,2187.4350567970655,3187.4350567970655,71.6
2025-09-14,15:00,Universitatea Craiova,Farul Constanta,Liga I,Romania,Home/Away,Home Win or Away Win (No Draw),1.39,81.1,12.7,25.0,9.749999999999998,WIN,9.749999999999998,2197.1850567970655,3197.1850567970655,71.8
2025-09-14,16:00,Sassuolo,Lazio,Serie A,Italy,Home/Away,Home Win or Away Win (No Draw),1.31,84.1,10.2,25.0,7.750000000000002,WIN,7.750000000000002,2204.9350567970655,3204.9350567970655,72.0
2025-09-14,16:00,Fenerbahce,Trabzonspor,Süper Lig,Turkey,BTTS No,Both Teams to Score - No,2.42,58.7,42.1,25.0,35.5,WIN,35.5,2240.4350567970655,3240.4350567970655,72.2
2025-09-14,15:15,Metz,Angers,Ligue 1,France,Over 9.5 Corners,Over 9.5 Total Corners,1.7323555365929733,71.8,24.4,25.0,18.30888841482433,WIN,18.30888841482433,2258.7439452118897,3258.7439452118897,72.4
2025-09-14,14:30,Sirius,Gais,Allsvenskan,Sweden,Under 11.5 Corners,Under 11.5 Total Corners,1.427172410255276,79.7,13.8,25.0,10.679310256381902,WIN,10.679310256381902,2269.4232554682717,3269.4232554682717,72.6
2025-09-14,15:15,Paris Saint Germain,Lens,Ligue 1,France,Under 11.5 Corners,Under 11.5 Total Corners,1.4611362384884896,78.7,15.0,25.0,11.52840596221224,WIN,11.52840596221224,2280.951661430484,3280.951661430484,72.8
2025-09-14,12:30,Bryne,Tromso,Eliteserien,Norway,BTTS No,Both Teams to Score - No,1.91,67.8,29.5,25.0,22.749999999999996,WIN,22.749999999999996,2303.701661430484,3303.701661430484,73.0
2025-09-14,13:00,FF Jaro,AC Oulu,Veikkausliiga,Finland,Draw/Away,Draw or Away Win,2.12,63.6,34.8,25.0,28.000000000000004,WIN,28.000000000000004,2331.701661430484,3331.701661430484,73.2
2025-09-14,14:30,IF Elfsborg,Malmo FF,Allsvenskan,Sweden,Under 11.5 Corners,Under 11.5 Total Corners,1.4258379335191536,79.1,12.8,25.0,10.645948337978838,WIN,10.645948337978838,2342.347609768463,3342.347609768463,73.3
2025-09-14,14:15,Levante,Real Betis,La Liga,Spain,Under 11.5 Corners,Under 11.5 Total Corners,1.3641702104198166,80.9,10.3,25.0,9.104255260495414,LOSS,-25.0,2317.347609768463,3317.347609768463,72.8
2025-09-14,14:15,Levante,Real Betis,La Liga,Spain,Home/Away,Home Win or Away Win (No Draw),1.26,84.1,6.0,25.0,6.5,WIN,6.5,2323.847609768463,3323.847609768463,73.0
2025-09-14,23:00,Club Queretaro,Monterrey,Liga MX,Mexico,Home/Away,Home Win or Away Win (No Draw),1.26,84.1,6.0,25.0,6.5,WIN,6.5,2330.347609768463,3330.347609768463,73.2
2025-09-14,19:00,Granada CF,Leganes,Segunda División,Spain,Home/Away,Home Win or Away Win (No Draw),1.37,80.7,10.5,25.0,9.250000000000004,WIN,9.250000000000004,2339.597609768463,3339.597609768463,73.4
2025-09-14,14:45,Telstar,Fortuna Sittard,Eredivisie,Netherlands,Over 9.5 Corners,Over 9.5 Total Corners,1.7916308074425578,69.7,25.0,25.0,19.790770186063945,LOSS,-25.0,2314.597609768463,3314.597609768463,72.9
2025-09-14,14:30,FC Luzern,BSC Young Boys,Super League,Switzerland,Over 9.5 Corners,Over 9.5 Total Corners,1.7835168088946496,69.7,24.4,25.0,19.58792022236624,WIN,19.58792022236624,2334.1855299908293,3334.1855299908293,73.1
2025-09-14,15:30,Borussia Mönchengladbach,Werder Bremen,Bundesliga,Germany,Home Under 1.5,Home Team Under 1.5 Goals,1.7270322337126651,70.9,22.5,25.0,18.17580584281663,WIN,18.17580584281663,2352.361335833646,3352.361335833646,73.2
2025-09-14,17:00,Arouca,Casa Pia,Primeira Liga,Portugal,Home/Draw,Home Win or Draw,2.0,65.1,30.2,25.0,25.0,LOSS,-25.0,2327.361335833646,3327.361335833646,72.8
2025-09-14,16:30,Castellón,AD Ceuta FC,Segunda División,Spain,Under 11.5 Corners,Under 11.5 Total Corners,1.34316917609742,80.9,8.6,25.0,8.579229402435502,WIN,8.579229402435502,2335.9405652360815,3335.9405652360815,73.0
2025-09-14,18:45,AC Milan,Bologna,Serie A,Italy,Home/Away,Home Win or Away Win (No Draw),1.3,82.8,7.6,25.0,7.500000000000001,WIN,7.500000000000001,2343.4405652360815,3343.4405652360815,73.1
2025-09-14,19:00,Barcelona,Valencia,La Liga,Spain,BTTS No,Both Teams to Score - No,2.24,60.5,35.6,25.0,31.000000000000007,WIN,31.000000000000007,2374.4405652360815,3374.4405652360815,73.3
2025-09-14,15:30,Manchester City,Manchester United,Premier League,England,Over 9.5 Corners,Over 9.5 Total Corners,2.149270817073914,62.1,33.4,25.0,28.731770426847845,LOSS,-25.0,2349.4405652360815,3349.4405652360815,72.8
2025-09-14,11:30,SV Elversberg,Dynamo Dresden,2. Bundesliga,Germany,Over 9.5 Corners,Over 9.5 Total Corners,1.798377094078922,69.0,24.1,25.0,19.95942735197305,WIN,19.95942735197305,2369.3999925880544,3369.3999925880544,73.0
2025-09-14,18:45,AC Milan,Bologna,Serie A,Italy,Over 9.5 Corners,Over 9.5 Total Corners,1.9364025160106788,66.6,28.9,25.0,23.410062900266972,WIN,23.410062900266972,2392.8100554883213,3392.8100554883213,73.2
2025-09-14,14:30,FC Luzern,BSC Young Boys,Super League,Switzerland,Over 11.5 Corners,Over 11.5 Total Corners,2.187295710563113,61.3,34.2,25.0,29.682392764077825,WIN,29.682392764077825,2422.4924482523993,3422.4924482523993,73.3
2025-09-14,14:15,Levante,Real Betis,La Liga,Spain,Over 1.5,Over 1.5 Goals,1.2981855363842092,81.9,6.4,25.0,7.45463840960523,LOSS,-25.0,2397.4924482523993,3397.4924482523993,72.9
2025-09-14,13:00,Virtus Entella,Mantova,Serie B,Italy,Over 9.5 Corners,Over 9.5 Total Corners,1.9510052882942028,65.5,27.9,25.0,23.77513220735507,WIN,23.77513220735507,2421.2675804597543,3421.2675804597543,73.1
2025-09-14,15:15,Stade Brestois 29,Paris FC,Ligue 1,France,Home Under 1.5,Home Team Under 1.5 Goals,1.7498938497300376,69.7,22.0,25.0,18.747346243250938,WIN,18.747346243250938,2440.014926703005,3440.014926703005,73.2
2025-09-14,11:30,SpVgg Greuther Fürth,1. FC Kaiserslautern,2. Bundesliga,Germany,Over 1.5,Over 1.5 Goals,2.0649347679171184,63.2,30.6,25.0,26.62336919792796,WIN,26.62336919792796,2466.638295900933,3466.638295900933,73.4
2025-09-14,14:45,Telstar,Fortuna Sittard,Eredivisie,Netherlands,Home Under 1.5,Home Team Under 1.5 Goals,1.7302127442632214,70.1,21.3,25.0,18.255318606580534,WIN,18.255318606580534,2484.8936145075136,3484.8936145075136,73.5
2025-09-14,12:00,FC Winterthur,FC Sion,Super League,Switzerland,Over 1.5,Over 1.5 Goals,2.008922695790356,64.1,28.8,25.0,25.223067394758903,LOSS,-25.0,2459.8936145075136,3459.8936145075136,73.1
2025-09-14,12:00,Djurgardens IF,Hammarby FF,Allsvenskan,Sweden,Draw/Away,Draw or Away Win,2.21,60.2,33.1,25.0,30.25,WIN,30.25,2490.1436145075136,3490.1436145075136,73.3
2025-09-14,14:30,Estrela,Guimaraes,Primeira Liga,Portugal,Over 11.5 Corners,Over 11.5 Total Corners,2.141157130721283,61.3,31.4,25.0,28.52892826803207,WIN,28.52892826803207,2518.6725427755455,3518.6725427755455,73.4
2025-09-14,14:00,Kayserispor,Goztepe,Süper Lig,Turkey,Home/Away,Home Win or Away Win (No Draw),1.32,80.0,5.7,25.0,8.000000000000002,WIN,8.000000000000002,2526.6725427755455,3526.6725427755455,73.6
2025-09-14,17:00,Arouca,Casa Pia,Primeira Liga,Portugal,Over 1.5,Over 1.5 Goals,1.989071996737566,63.6,26.6,25.0,24.726799918439152,LOSS,-25.0,2501.6725427755455,3501.6725427755455,73.1
2025-09-14,14:30,FC Luzern,BSC Young Boys,Super League,Switzerland,BTTS No,Both Teams to Score - No,2.01,63.2,27.0,25.0,25.249999999999993,WIN,25.249999999999993,2526.9225427755455,3526.9225427755455,73.3
2025-09-14,14:30,Waldhof Mannheim,Energie Cottbus,3. Liga,Germany,Draw/Away,Draw or Away Win,1.99,63.5,26.4,25.0,24.75,LOSS,-25.0,2501.9225427755455,3501.9225427755455,72.9
2025-09-14,16:30,Castellón,AD Ceuta FC,Segunda División,Spain,Home Over 1.5,Home Team Over 1.5 Goals,1.6108236070161437,71.7,15.4,25.0,15.270590175403592,WIN,15.270590175403592,2517.193132950949,3517.193132950949,73.0
2025-09-14,12:30,Bryne,Tromso,Eliteserien,Norway,Over 1.5,Over 1.5 Goals,1.9515655911975407,64.2,25.3,25.0,23.789139779938516,LOSS,-25.0,2492.193132950949,3492.193132950949,72.6
2025-09-14,13:00,Virtus Entella,Mantova,Serie B,Italy,Home Under 1.5,Home Team Under 1.5 Goals,1.4967902641276356,74.5,11.5,25.0,12.41975660319089,WIN,12.41975660319089,2504.6128895541397,3504.6128895541397,72.8
2025-09-14,15:15,Paris Saint Germain,Lens,Ligue 1,France,Home Over 1.5,Home Team Over 1.5 Goals,2.006094286883614,63.0,26.4,25.0,25.152357172090344,WIN,25.152357172090344,2529.76524672623,3529.76524672623,72.9
2025-09-14,18:00,York United,Atlético Ottawa,Canadian Premier League,Canada,Over 1.5,Over 1.5 Goals,1.982941167305036,63.2,25.4,25.0,24.573529182625897,WIN,24.573529182625897,2554.338775908856,3554.338775908856,73.1
2025-09-14,17:15,Haugesund,Rosenborg,Eliteserien,Norway,Over 1.5,Over 1.5 Goals,2.1655708135740697,59.9,29.6,25.0,29.139270339351743,LOSS,-25.0,2529.338775908856,3529.338775908856,72.7
2025-09-14,19:30,SC Braga,GIL Vicente,Primeira Liga,Portugal,Away Under 1.5,Away Team Under 1.5 Goals,1.782998262128347,67.1,19.6,25.0,19.574956553208672,LOSS,-25.0,2504.338775908856,3504.338775908856,72.3
2025-09-14,15:15,Stade Brestois 29,Paris FC,Ligue 1,France,Over 1.5,Over 1.5 Goals,2.031391993726652,62.1,26.2,25.0,25.784799843166294,WIN,25.784799843166294,2530.123575752022,3530.123575752022,72.4
2025-09-14,19:00,Barcelona,Valencia,La Liga,Spain,Under 11.5 Corners,Under 11.5 Total Corners,1.407874113147156,76.1,7.1,25.0,10.196852828678898,WIN,10.196852828678898,2540.320428580701,3540.320428580701,72.6
2025-09-14,16:30,Sporting Gijon,Burgos,Segunda División,Spain,Draw/Away,Draw or Away Win,2.2,58.9,29.7,25.0,30.000000000000004,LOSS,-25.0,2515.320428580701,3515.320428580701,72.2
2025-09-14,13:00,Atalanta,Lecce,Serie A,Italy,Home Over 1.5,Home Team Over 1.5 Goals,1.9445210470308716,64.0,24.4,25.0,23.61302617577179,WIN,23.61302617577179,2538.9334547564727,3538.9334547564727,72.3
2025-09-14,15:15,Stade Brestois 29,Paris FC,Ligue 1,France,Away Under 1.5,Away Team Under 1.5 Goals,1.789038414357225,66.6,19.1,25.0,19.725960358930628,WIN,19.725960358930628,2558.659415115403,3558.659415115403,72.5
2025-09-14,10:30,AS Roma,Torino,Serie A,Italy,Under 11.5 Corners,Under 11.5 Total Corners,1.4814811687177358,74.2,9.9,25.0,12.037029217943395,WIN,12.037029217943395,2570.6964443333463,3570.6964443333463,72.6
2025-09-14,13:00,Atalanta,Lecce,Serie A,Italy,Away Under 1.5,Away Team Under 1.5 Goals,1.4269744757634966,75.4,7.6,25.0,10.674361894087415,WIN,10.674361894087415,2581.3708062274336,3581.3708062274336,72.8
2025-09-14,15:15,Stade Brestois 29,Paris FC,Ligue 1,France,Over 9.5 Corners,Over 9.5 Total Corners,1.835601330892707,65.1,19.5,25.0,20.890033272317677,LOSS,-25.0,2556.3708062274336,3556.3708062274336,72.4
2025-09-14,14:30,IF Elfsborg,Malmo FF,Allsvenskan,Sweden,BTTS No,Both Teams to Score - No,2.13,59.5,26.7,25.0,28.249999999999996,LOSS,-25.0,2531.3708062274336,3531.3708062274336,72.0
2025-09-14,11:30,SV Elversberg,Dynamo Dresden,2. Bundesliga,Germany,Home Under 1.5,Home Team Under 1.5 Goals,1.7514087428418923,66.8,16.9,25.0,18.785218571047306,WIN,18.785218571047306,2550.1560247984808,3550.1560247984808,72.2
2025-09-14,16:00,Fenerbahce,Trabzonspor,Süper Lig,Turkey,Over 1.5,Over 1.5 Goals,2.1580874275769357,59.0,27.3,25.0,28.952185689423395,WIN,28.952185689423395,2579.108210487904,3579.108210487904,72.3
2025-09-14,15:30,Manchester City,Manchester United,Premier League,England,Away Under 1.5,Away Team Under 1.5 Goals,1.7638775407518892,66.3,17.0,25.0,19.09693851879723,WIN,19.09693851879723,2598.2051490067015,3598.2051490067015,72.4
2025-09-14,15:30,Widzew Łódź,Arka Gdynia,Ekstraklasa,Poland,Home/Draw,Home Win or Draw,2.18,58.4,27.4,25.0,29.500000000000004,LOSS,-25.0,2573.2051490067015,3573.2051490067015,72.1
2025-09-14,13:30,FC St. Pauli,FC Augsburg,Bundesliga,Germany,Home/Draw,Home Win or Draw,1.97,62.0,22.1,25.0,24.25,LOSS,-25.0,2548.2051490067015,3548.2051490067015,71.7
2025-09-14,14:30,Grasshoppers,Lausanne,Super League,Switzerland,Away Under 1.5,Away Team Under 1.5 Goals,1.7374231409098555,66.6,15.7,25.0,18.435578522746386,LOSS,-25.0,2523.2051490067015,3523.2051490067015,71.4
2025-09-14,23:00,Club Queretaro,Monterrey,Liga MX,Mexico,Over 9.5 Corners,Over 9.5 Total Corners,1.763733155676069,66.0,16.4,25.0,19.093328891901724,LOSS,-25.0,2498.2051490067015,3498.2051490067015,71.0
2025-09-14,13:00,KuPS,Ilves,Veikkausliiga,Finland,Over 2.5,Over 2.5 Goals,1.8175633658583208,64.7,17.5,25.0,20.43908414645802,WIN,20.43908414645802,2518.6442331531593,3518.6442331531593,71.1
2025-09-14,15:00,Sarpsborg 08 FF,Sandefjord,Eliteserien,Norway,Over 1.5,Over 1.5 Goals,1.8860858701972167,63.2,19.3,25.0,22.152146754930417,WIN,22.152146754930417,2540.79637990809,3540.79637990809,71.3
2025-09-14,11:00,Fayal,CD Olivais e Moscavide,Taça de Portugal,Portugal,BTTS No,Both Teams to Score - No,1.86,63.7,18.5,25.0,21.500000000000004,WIN,21.500000000000004,2562.29637990809,3562.29637990809,71.4
2025-09-14,13:00,Lille,Toulouse,Ligue 1,France,Over 1.5,Over 1.5 Goals,1.8285093170930296,64.2,17.4,25.0,20.71273292732574,LOSS,-25.0,2537.29637990809,3537.29637990809,71.1
2025-09-14,15:00,Universitatea Craiova,Farul Constanta,Liga I,Romania,BTTS No,Both Teams to Score - No,1.98,61.3,21.3,25.0,24.5,WIN,24.5,2561.79637990809,3561.79637990809,71.2
2025-09-14,15:00,KFUM Oslo,Viking,Eliteserien,Norway,Over 1.5,Over 1.5 Goals,1.8551585610783008,63.5,17.9,25.0,21.37896402695752,WIN,21.37896402695752,2583.1753439350473,3583.1753439350473,71.4
2025-09-14,11:30,SpVgg Greuther Fürth,1. FC Kaiserslautern,2. Bundesliga,Germany,Over 9.5 Corners,Over 9.5 Total Corners,1.7705864005706209,65.1,15.3,25.0,19.264660014265523,WIN,19.264660014265523,2602.440003949313,3602.440003949313,71.5
2025-09-14,14:00,Kayserispor,Goztepe,Süper Lig,Turkey,Over 9.5 Corners,Over 9.5 Total Corners,1.7378604968140885,65.8,14.3,25.0,18.446512420352214,LOSS,-25.0,2577.440003949313,3577.440003949313,71.2
2025-09-14,15:15,Paris Saint Germain,Lens,Ligue 1,France,Home/Draw,Home Win or Draw,1.92,62.0,19.0,25.0,23.0,WIN,23.0,2600.440003949313,3600.440003949313,71.3
2025-09-14,13:00,KuPS,Ilves,Veikkausliiga,Finland,Under 9.5 Corners,Under 9.5 Total Corners,1.5819505703112786,69.1,9.2,25.0,14.548764257781965,WIN,14.548764257781965,2614.988768207095,3614.988768207095,71.4
2025-09-14,12:30,Utrecht,Groningen,Eredivisie,Netherlands,Home/Draw,Home Win or Draw,2.08,58.9,22.6,25.0,27.0,WIN,27.0,2641.988768207095,3641.988768207095,71.6
2025-09-14,11:30,SpVgg Greuther Fürth,1. FC Kaiserslautern,2. Bundesliga,Germany,Home/Draw,Home Win or Draw,1.91,62.0,18.3,25.0,22.749999999999996,LOSS,-25.0,2616.988768207095,3616.988768207095,71.2
2025-09-14,18:00,Csikszereda,FCSB,Liga I,Romania,BTTS No,Both Teams to Score - No,1.82,63.7,16.0,25.0,20.5,LOSS,-25.0,2591.988768207095,3591.988768207095,70.9
2025-09-14,11:00,Southampton,Portsmouth,Championship,England,Over 9.5 Corners,Over 9.5 Total Corners,2.0274395601579744,59.8,21.2,25.0,25.68598900394936,WIN,25.68598900394936,2617.6747572110444,3617.6747572110444,71.0
2025-09-14,11:30,SV Elversberg,Dynamo Dresden,2. Bundesliga,Germany,Draw/Away,Draw or Away Win,1.99,60.0,19.3,25.0,24.75,LOSS,-25.0,2592.6747572110444,3592.6747572110444,70.7
2025-09-14,13:00,Pisa,Udinese,Serie A,Italy,Under 11.5 Corners,Under 11.5 Total Corners,1.6501134142368672,67.3,11.0,25.0,16.25283535592168,WIN,16.25283535592168,2608.9275925669663,3608.9275925669663,70.8
2025-09-14,12:45,Oţelul,FC Botosani,Liga I,Romania,Draw/Away,Draw or Away Win,1.98,60.0,18.7,25.0,24.5,WIN,24.5,2633.4275925669663,3633.4275925669663,71.0
2025-09-14,13:00,Lille,Toulouse,Ligue 1,France,BTTS No,Both Teams to Score - No,1.92,60.9,17.0,25.0,23.0,LOSS,-25.0,2608.4275925669663,3608.4275925669663,70.6
2025-09-14,11:30,Preußen Münster,Fortuna Düsseldorf,2. Bundesliga,Germany,Draw/Away,Draw or Away Win,1.86,62.0,15.3,25.0,21.500000000000004,LOSS,-25.0,2583.4275925669663,3583.4275925669663,70.3
2025-09-14,15:15,Strasbourg,Le Havre,Ligue 1,France,Under 11.5 Corners,Under 11.5 Total Corners,1.6050988369139925,67.3,8.0,25.0,15.127470922849811,LOSS,-25.0,2558.4275925669663,3558.4275925669663,70.0
2025-09-14,15:00,KFUM Oslo,Viking,Eliteserien,Norway,Away Under 1.5,Away Team Under 1.5 Goals,1.6330564479092942,66.6,8.7,25.0,15.826411197732353,WIN,15.826411197732353,2574.2540037646986,3574.2540037646986,70.1
2025-09-14,14:45,Telstar,Fortuna Sittard,Eredivisie,Netherlands,Draw/Away,Draw or Away Win,1.67,65.6,9.5,25.0,16.75,WIN,16.75,2591.0040037646986,3591.0040037646986,70.3
2025-09-14,16:00,Gazişehir Gaziantep,Kocaelispor,Süper Lig,Turkey,Away Under 1.5,Away Team Under 1.5 Goals,1.794118164283412,62.9,12.8,25.0,19.852954107085303,WIN,19.852954107085303,2610.856957871784,3610.856957871784,70.4
2025-09-14,18:00,Leones Negros UDG,CA La Paz,Liga de Expansión MX,Mexico,Home/Draw,Home Win or Draw,1.82,62.2,13.1,25.0,20.5,WIN,20.5,2631.356957871784,3631.356957871784,70.5
2025-09-14,16:30,Sporting Gijon,Burgos,Segunda División,Spain,Home Under 1.5,Home Team Under 1.5 Goals,1.595722281320778,66.8,6.5,25.0,14.893057033019453,WIN,14.893057033019453,2646.2500149048033,3646.2500149048033,70.7
2025-09-14,13:00,Pisa,Udinese,Serie A,Italy,Home Under 1.5,Home Team Under 1.5 Goals,1.798638363908467,63.0,13.2,25.0,19.96595909771168,WIN,19.96595909771168,2666.215974002515,3666.215974002515,70.8
2025-09-14,16:30,Osasuna,Rayo Vallecano,La Liga,Spain,Home Under 1.5,Home Team Under 1.5 Goals,1.5774058512071458,67.1,5.8,25.0,14.435146280178646,LOSS,-25.0,2641.215974002515,3641.215974002515,70.5
2025-09-14,10:30,AS Roma,Torino,Serie A,Italy,Away Under 1.5,Away Team Under 1.5 Goals,1.536107925603948,68.5,5.3,25.0,13.402698140098702,WIN,13.402698140098702,2654.618672142614,3654.618672142614,70.6
2025-09-14,11:00,Southampton,Portsmouth,Championship,England,Under 11.5 Corners,Under 11.5 Total Corners,1.6148773530356202,65.8,6.3,25.0,15.371933825890505,LOSS,-25.0,2629.618672142614,3629.618672142614,70.3
2025-09-14,13:00,Pisa,Udinese,Serie A,Italy,Over 2.5,Over 2.5 Goals,1.8790473893117048,60.9,14.4,25.0,21.97618473279262,LOSS,-25.0,2604.618672142614,3604.618672142614,70.0
2025-09-14,10:15,Motor Lublin,Nieciecza,Ekstraklasa,Poland,Away Under 1.5,Away Team Under 1.5 Goals,1.743277612753377,62.9,9.7,25.0,18.581940318834423,LOSS,-25.0,2579.618672142614,3579.618672142614,69.7
2025-09-14,14:30,Waldhof Mannheim,Energie Cottbus,3. Liga,Germany,Over 2.5,Over 2.5 Goals,1.844516702889054,60.9,12.3,25.0,21.112917572226348,WIN,21.112917572226348,2600.73158971484,3600.73158971484,69.8
2025-09-14,12:00,Celta Vigo,Girona,La Liga,Spain,Home,Home Team Win,1.62,64.9,5.1,25.0,15.500000000000004,WIN,15.500000000000004,2616.23158971484,3616.23158971484,70.0
2025-09-14,10:15,Excelsior,Sparta Rotterdam,Eredivisie,Netherlands,Home/Draw,Home Win or Draw,1.91,59.0,12.8,25.0,22.749999999999996,WIN,22.749999999999996,2638.98158971484,3638.98158971484,70.1
2025-09-14,12:00,Osters IF,IFK Varnamo,Allsvenskan,Sweden,Draw/Away,Draw or Away Win,1.73,62.5,8.1,25.0,18.25,WIN,18.25,2657.23158971484,3657.23158971484,70.2
2025-09-14,11:30,Preußen Münster,Fortuna Düsseldorf,2. Bundesliga,Germany,Over 2.5,Over 2.5 Goals,1.8580555124015985,59.9,11.3,25.0,21.45138781003996,LOSS,-25.0,2632.23158971484,3632.23158971484,69.9
2025-09-14,18:45,Rennes,Lyon,Ligue 1,France,Over 2.5,Over 2.5 Goals,1.7341255991856432,62.2,7.9,25.0,18.35313997964108,WIN,18.35313997964108,2650.584729694481,3650.584729694481,70.0
2025-09-14,12:30,Utrecht,Groningen,Eredivisie,Netherlands,Away Under 1.5,Away Team Under 1.5 Goals,1.6980833888093745,62.9,6.8,25.0,17.45208472023436,WIN,17.45208472023436,2668.0368144147155,3668.0368144147155,70.2
2025-09-14,12:30,Utrecht,Groningen,Eredivisie,Netherlands,Over 9.5 Corners,Over 9.5 Total Corners,1.8560178767532576,59.8,11.0,25.0,21.400446918831438,LOSS,-25.0,2643.0368144147155,3643.0368144147155,69.9
2025-09-14,19:00,Barcelona,Valencia,La Liga,Spain,Over 2.5,Over 2.5 Goals,1.8618565136959504,59.7,11.1,25.0,21.54641284239876,WIN,21.54641284239876,2664.5832272571142,3664.5832272571142,70.0
2025-09-14,14:00,Kayserispor,Goztepe,Süper Lig,Turkey,Away Under 1.5,Away Team Under 1.5 Goals,1.684958597770431,62.9,6.0,25.0,17.123964944260777,LOSS,-25.0,2639.5832272571142,3639.5832272571142,69.7
2025-09-14,11:00,Fayal,CD Olivais e Moscavide,Taça de Portugal,Portugal,Away Under 1.5,Away Team Under 1.5 Goals,1.788170528887774,60.6,8.4,25.0,19.704263222194353,LOSS,-25.0,2614.5832272571142,3614.5832272571142,69.4
2025-09-14,12:00,Osters IF,IFK Varnamo,Allsvenskan,Sweden,Over 2.5,Over 2.5 Goals,1.8236928365210976,59.9,9.2,25.0,20.59232091302744,LOSS,-25.0,2589.5832272571142,3589.5832272571142,69.1
2025-09-14,13:00,Lille,Toulouse,Ligue 1,France,Over 9.5 Corners,Over 9.5 Total Corners,1.790095565494254,60.5,8.2,25.0,19.752389137356353,WIN,19.752389137356353,2609.3356163944704,3609.3356163944704,69.3
2025-09-14,18:45,AC Milan,Bologna,Serie A,Italy,Over 2.5,Over 2.5 Goals,1.755756297706179,61.6,8.2,25.0,18.893907442654474,WIN,18.893907442654474,2628.229523837125,3628.229523837125,69.4
2025-09-14,15:15,Metz,Angers,Ligue 1,France,BTTS No,Both Teams to Score - No,1.85,59.1,9.3,25.0,21.250000000000004,LOSS,-25.0,2603.229523837125,3603.229523837125,69.1
2025-09-14,19:00,Granada CF,Leganes,Segunda División,Spain,Home Under 1.5,Home Team Under 1.5 Goals,1.7009218047674195,62.0,5.4,25.0,17.523045119185486,WIN,17.523045119185486,2620.7525689563104,3620.7525689563104,69.2
2025-09-14,16:00,Sassuolo,Lazio,Serie A,Italy,Over 2.5,Over 2.5 Goals,1.7710174302874084,60.9,7.8,25.0,19.27543575718521,LOSS,-25.0,2595.7525689563104,3595.7525689563104,69.0
2025-09-14,11:30,SV Elversberg,Dynamo Dresden,2. Bundesliga,Germany,Over 2.5,Over 2.5 Goals,1.7380053734142047,60.9,5.8,25.0,18.450134335355116,LOSS,-25.0,2570.7525689563104,3570.7525689563104,68.7
2025-09-14,16:00,Gazişehir Gaziantep,Kocaelispor,Süper Lig,Turkey,Over 9.5 Corners,Over 9.5 Total Corners,1.753784235462371,60.2,5.5,25.0,18.844605886559272,LOSS,-25.0,2545.7525689563104,3545.7525689563104,68.4
2025-09-14,15:00,Universitatea Craiova,Farul Constanta,Liga I,Romania,Over 2.5,Over 2.5 Goals,1.7785919639184118,59.7,6.1,25.0,19.464799097960295,WIN,19.464799097960295,2565.2173680542705,3565.2173680542705,68.5
2025-09-15,18:30,Zaragoza,Albacete,Segunda División,Spain,Away,Away Team Win,3.1,67.0,107.8,25.0,52.5,WIN,52.5,2617.7173680542705,3617.7173680542705,68.7
2025-09-15,19:00,Espanyol,Mallorca,La Liga,Spain,Over 1.5,Over 1.5 Goals,2.3516349509499657,72.0,69.4,25.0,33.79087377374914,LOSS,-25.0,2592.7173680542705,3592.7173680542705,68.4
2025-09-15,18:45,Guingamp,Montpellier,Ligue 2,France,Over 1.5,Over 1.5 Goals,2.3474858404197687,72.0,69.1,25.0,33.68714601049422,WIN,33.68714601049422,2626.404514064765,3626.404514064765,68.5
2025-09-15,16:30,Verona,Cremonese,Serie A,Italy,BTTS No,Both Teams to Score - No,2.84,61.0,73.2,25.0,46.0,WIN,46.0,2672.404514064765,3672.404514064765,68.6
2025-09-15,18:45,Guingamp,Montpellier,Ligue 2,France,Over 9.5 Corners,Over 9.5 Total Corners,2.514173835465052,65.2,63.9,25.0,37.8543458866263,WIN,37.8543458866263,2710.258859951391,3710.258859951391,68.8
2025-09-15,16:30,Verona,Cremonese,Serie A,Italy,Over 1.5,Over 1.5 Goals,2.1255732657479443,72.2,53.5,25.0,28.139331643698608,LOSS,-25.0,2685.258859951391,3685.258859951391,68.5
2025-09-15,19:00,Espanyol,Mallorca,La Liga,Spain,Over 9.5 Corners,Over 9.5 Total Corners,1.981412165942416,72.8,44.2,25.0,24.5353041485604,WIN,24.5353041485604,2709.7941640999516,3709.7941640999516,68.6
2025-09-15,18:00,Petrolul Ploiesti,Dinamo Bucuresti,Liga I,Romania,Over 9.5 Corners,Over 9.5 Total Corners,2.1188623298526026,69.0,46.1,25.0,27.971558246315066,WIN,27.971558246315066,2737.7657223462666,3737.7657223462666,68.7
2025-09-15,18:30,Zaragoza,Albacete,Segunda División,Spain,Over 1.5,Over 1.5 Goals,1.9154737101938335,72.0,38.0,25.0,22.886842754845837,WIN,22.886842754845837,2760.6525651011125,3760.6525651011125,68.8
2025-09-15,18:30,Zaragoza,Albacete,Segunda División,Spain,Over 9.5 Corners,Over 9.5 Total Corners,1.8736816482396532,72.8,36.4,25.0,21.84204120599133,WIN,21.84204120599133,2782.494606307104,3782.494606307104,69.0
2025-09-15,18:00,Jong PSV,Roda,Eerste Divisie,Netherlands,Over 9.5 Corners,Over 9.5 Total Corners,2.0669083786010556,68.5,41.7,25.0,26.67270946502639,LOSS,-25.0,2757.494606307104,3757.494606307104,68.7
2025-09-15,17:00,Rizespor,Genclerbirligi,Süper Lig,Turkey,Over 9.5 Corners,Over 9.5 Total Corners,1.8301357376891176,72.8,33.2,25.0,20.753393442227942,WIN,20.753393442227942,2778.247999749332,3778.247999749332,68.8
2025-09-15,15:00,AFC Hermannstadt,Unirea Slobozia,Liga I,Romania,Over 9.5 Corners,Over 9.5 Total Corners,1.886795316438023,71.2,34.3,25.0,22.169882910950573,WIN,22.169882910950573,2800.4178826602824,3800.4178826602824,68.9
2025-09-15,18:00,Jong Ajax,ADO Den Haag,Eerste Divisie,Netherlands,Over 9.5 Corners,Over 9.5 Total Corners,1.7951792611007056,72.8,30.7,25.0,19.87948152751764,LOSS,-25.0,2775.4178826602824,3775.4178826602824,68.7
2025-09-15,18:00,Petrolul Ploiesti,Dinamo Bucuresti,Liga I,Romania,Over 1.5,Over 1.5 Goals,1.31214896454222,85.2,11.9,25.0,7.803724113555499,WIN,7.803724113555499,2783.2216067738377,3783.2216067738377,68.8
2025-09-15,17:00,Raków Częstochowa,Gornik Zabrze,Ekstraklasa,Poland,Over 9.5 Corners,Over 9.5 Total Corners,2.1041785376893243,65.5,37.8,25.0,27.604463442233108,LOSS,-25.0,2758.2216067738377,3758.2216067738377,68.5
2025-09-15,18:00,Almere City FC,FC Eindhoven,Eerste Divisie,Netherlands,Over 9.5 Corners,Over 9.5 Total Corners,2.100024232136104,65.5,37.5,25.0,27.5006058034026,LOSS,-25.0,2733.2216067738377,3733.2216067738377,68.3
2025-09-15,18:45,Guingamp,Montpellier,Ligue 2,France,Under 2.5,Under 2.5 Goals,1.6877162797409615,73.8,24.5,25.0,17.192906993524037,WIN,17.192906993524037,2750.4145137673618,3750.4145137673618,68.4
2025-09-15,18:45,Como,Genoa,Serie A,Italy,Over 1.5,Over 1.5 Goals,1.3032143081188083,84.2,9.7,25.0,7.5803577029702085,WIN,7.5803577029702085,2757.994871470332,3757.994871470332,68.5
2025-09-15,17:00,Rizespor,Genclerbirligi,Süper Lig,Turkey,Over 1.5,Over 1.5 Goals,1.2583390551856464,84.4,6.2,25.0,6.4584763796411595,WIN,6.4584763796411595,2764.453347849973,3764.453347849973,68.6
2025-09-15,17:00,Raków Częstochowa,Gornik Zabrze,Ekstraklasa,Poland,Home/Away,Home Win or Away Win (No Draw),1.36,80.6,9.6,25.0,9.000000000000002,LOSS,-25.0,2739.453347849973,3739.453347849973,68.4
2025-09-15,18:00,Dordrecht,Jong AZ,Eerste Divisie,Netherlands,Under 11.5 Corners,Under 11.5 Total Corners,1.3655484470728732,80.3,9.6,25.0,9.138711176821829,LOSS,-25.0,2714.453347849973,3714.453347849973,68.1
2025-09-15,18:00,Jong PSV,Roda,Eerste Divisie,Netherlands,Home/Away,Home Win or Away Win (No Draw),1.35,80.6,8.8,25.0,8.750000000000002,LOSS,-25.0,2689.453347849973,3689.453347849973,67.9
2025-09-15,18:30,Zaragoza,Albacete,Segunda División,Spain,Over 2.5,Over 2.5 Goals,2.3251552715839052,58.9,37.0,25.0,33.12888178959763,WIN,33.12888178959763,2722.5822296395704,3722.5822296395704,68.0
2025-09-15,17:00,AIK Stockholm,IF Brommapojkarna,Allsvenskan,Sweden,Home/Draw,Home Win or Draw,1.9,66.1,25.5,25.0,22.499999999999996,WIN,22.499999999999996,2745.0822296395704,3745.0822296395704,68.1
2025-09-15,18:45,Como,Genoa,Serie A,Italy,Over 9.5 Corners,Over 9.5 Total Corners,2.0358618368129413,63.3,28.8,25.0,25.896545920323533,LOSS,-25.0,2720.0822296395704,3720.0822296395704,67.9
2025-09-15,18:30,Zaragoza,Albacete,Segunda División,Spain,Home Under 1.5,Home Team Under 1.5 Goals,1.5153338817653386,72.2,9.5,25.0,12.883347044133464,WIN,12.883347044133464,2732.965576683704,3732.965576683704,68.0
2025-09-15,18:00,Petrolul Ploiesti,Dinamo Bucuresti,Liga I,Romania,Over 2.5,Over 2.5 Goals,1.7040528273520903,67.0,14.1,25.0,17.601320683802257,LOSS,-25.0,2707.965576683704,3707.965576683704,67.7
2025-09-15,18:00,Jong Ajax,ADO Den Haag,Eerste Divisie,Netherlands,Home +1,Home Team +1 Handicap,1.5700304549779402,69.7,9.4,25.0,14.250761374448507,LOSS,-25.0,2682.965576683704,3682.965576683704,67.5
2025-09-15,18:00,Dordrecht,Jong AZ,Eerste Divisie,Netherlands,BTTS No,Both Teams to Score - No,2.06,59.0,21.4,25.0,26.5,LOSS,-25.0,2657.965576683704,3657.965576683704,67.3
2025-09-15,18:45,Como,Genoa,Serie A,Italy,Home/Draw,Home Win or Draw,1.76,64.8,14.0,25.0,19.0,WIN,19.0,2676.965576683704,3676.965576683704,67.4
2025-09-15,18:45,Guingamp,Montpellier,Ligue 2,France,Home Under 1.5,Home Team Under 1.5 Goals,1.5810288387075715,67.9,7.4,25.0,14.525720967689287,WIN,14.525720967689287,2691.4912976513933,3691.4912976513933,67.5
2025-09-15,19:00,Espanyol,Mallorca,La Liga,Spain,Away Under 1.5,Away Team Under 1.5 Goals,1.5999547507528606,67.2,7.6,25.0,14.998868768821517,WIN,14.998868768821517,2706.490166420215,3706.490166420215,67.6
2025-09-15,18:00,Dordrecht,Jong AZ,Eerste Divisie,Netherlands,Away Under 1.5,Away Team Under 1.5 Goals,1.5927598310218087,67.2,7.1,25.0,14.818995775545218,WIN,14.818995775545218,2721.30916219576,3721.30916219576,67.7
2025-09-15,17:00,AIK Stockholm,IF Brommapojkarna,Allsvenskan,Sweden,Over 9.5 Corners,Over 9.5 Total Corners,1.8342710269516869,61.6,13.0,25.0,20.85677567379217,WIN,20.85677567379217,2742.165937869552,3742.165937869552,67.8
2025-09-15,15:00,AFC Hermannstadt,Unirea Slobozia,Liga I,Romania,Home/Draw,Home Win or Draw,1.91,60.0,14.6,25.0,22.749999999999996,WIN,22.749999999999996,2764.915937869552,3764.915937869552,67.9
2025-09-15,15:00,AFC Hermannstadt,Unirea Slobozia,Liga I,Romania,Away Under 1.5,Away Team Under 1.5 Goals,1.7569243293292116,62.4,9.7,25.0,18.92310823323029,WIN,18.92310823323029,2783.8390461027825,3783.8390461027825,68.1
2025-09-15,19:00,Espanyol,Mallorca,La Liga,Spain,Under 2.5,Under 2.5 Goals,1.7437979660280774,61.6,7.4,25.0,18.594949150701932,WIN,18.594949150701932,2802.433995253484,3802.433995253484,68.2
2025-09-15,18:45,Como,Genoa,Serie A,Italy,Over 2.5,Over 2.5 Goals,1.8922112360554224,58.4,10.5,25.0,22.30528090138556,LOSS,-25.0,2777.433995253484,3777.433995253484,67.9
2025-09-15,18:45,Como,Genoa,Serie A,Italy,Home Under 1.5,Home Team Under 1.5 Goals,1.7576949585865416,60.1,5.6,25.0,18.94237396466354,WIN,18.94237396466354,2796.376369218148,3796.376369218148,68.0
2025-09-16,18:45,Weston-super-Mare,Taunton Town,FA Cup,England,Over 11.5 Corners,Over 11.5 Total Corners,4.276698146013046,58.4,150.0,25.0,81.91745365032614,WIN,81.91745365032614,2878.293822868474,3878.293822868474,68.2
2025-09-16,18:00,FC OSS,VVV Venlo,Eerste Divisie,Netherlands,Over 11.5 Corners,Over 11.5 Total Corners,4.050118816477093,58.4,136.7,25.0,76.25297041192734,LOSS,-25.0,2853.293822868474,3853.293822868474,67.9
2025-09-16,17:00,FC Saarbrücken,SSV Ulm 1846,3. Liga,Germany,Over 11.5 Corners,Over 11.5 Total Corners,3.621822568999904,58.4,111.7,25.0,65.5455642249976,WIN,65.5455642249976,2918.8393870934715,3918.8393870934715,68.0
2025-09-16,17:00,FC Saarbrücken,SSV Ulm 1846,3. Liga,Germany,Home Over 1.5,Home Team Over 1.5 Goals,3.453680886911515,59.9,106.9,25.0,61.34202217278788,WIN,61.34202217278788,2980.1814092662594,3980.1814092662594,68.1
2025-09-16,18:00,FC OSS,VVV Venlo,Eerste Divisie,Netherlands,Over 9.5 Corners,Over 9.5 Total Corners,1.9787558471841815,82.6,63.4,25.0,24.46889617960454,WIN,24.46889617960454,3004.650305445864,4004.650305445864,68.2
2025-09-16,18:45,Tonbridge Angels,Steyning Town,FA Cup,England,Away,Away Team Win,3.0,61.2,83.6,25.0,50.0,LOSS,-25.0,2979.650305445864,3979.650305445864,68.0
2025-09-16,18:45,Witham Town,Mulbarton Wanderers,FA Cup,England,Over 1.5,Over 1.5 Goals,2.223837089292953,73.8,64.2,25.0,30.595927232323827,WIN,30.595927232323827,3010.246232678188,4010.246232678188,68.1
2025-09-16,18:45,Horsham,Westfield (Surrey),FA Cup,England,Over 1.5,Over 1.5 Goals,2.217749285862147,73.5,63.0,25.0,30.44373214655367,WIN,30.44373214655367,3040.6899648247418,4040.6899648247418,68.2
2025-09-16,18:45,Worthing,Jersey Bulls,FA Cup,England,Over 9.5 Corners,Over 9.5 Total Corners,1.8579813277172677,80.5,49.6,25.0,21.449533192931693,WIN,21.449533192931693,3062.1394980176733,4062.1394980176733,68.3
2025-09-16,18:00,Helmond Sport,Jong Utrecht,Eerste Divisie,Netherlands,Over 9.5 Corners,Over 9.5 Total Corners,1.8501244162371255,80.5,49.0,25.0,21.253110405928137,WIN,21.253110405928137,3083.3926084236014,4083.3926084236014,68.4
2025-09-16,18:45,Banbury United,Chasetown,FA Cup,England,Over 9.5 Corners,Over 9.5 Total Corners,2.039627344622964,75.9,54.8,25.0,25.990683615574095,WIN,25.990683615574095,3109.3832920391756,4109.383292039176,68.5
2025-09-16,17:00,SV Wehen,SSV Jahn Regensburg,3. Liga,Germany,Over 9.5 Corners,Over 9.5 Total Corners,1.9131632091970647,77.7,48.6,25.0,22.829080229926618,WIN,22.829080229926618,3132.212372269102,4132.212372269102,68.6
2025-09-16,18:45,Banbury United,Chasetown,FA Cup,England,BTTS No,Both Teams to Score - No,2.63,63.6,67.4,25.0,40.75,LOSS,-25.0,3107.212372269102,4107.212372269102,68.4
2025-09-16,18:00,Waalwijk,Vitesse,Eerste Divisie,Netherlands,Over 11.5 Corners,Over 11.5 Total Corners,2.4198882124209433,66.8,61.5,25.0,35.49720531052358,LOSS,-25.0,3082.212372269102,4082.212372269102,68.2
2025-09-16,17:00,FC Saarbrücken,SSV Ulm 1846,3. Liga,Germany,Over 9.5 Corners,Over 9.5 Total Corners,1.9901363057808596,75.2,49.7,25.0,24.75340764452149,LOSS,-25.0,3057.212372269102,4057.212372269102,68.0
2025-09-16,18:00,MVV,Den Bosch,Eerste Divisie,Netherlands,Over 9.5 Corners,Over 9.5 Total Corners,1.762419425239628,80.5,41.9,25.0,19.060485630990698,WIN,19.060485630990698,3076.2728579000927,4076.2728579000927,68.1
2025-09-16,18:45,Wythenshawe Town,Bury,FA Trophy,England,Over 1.5,Over 1.5 Goals,1.9267314493157728,76.1,46.7,25.0,23.16828623289432,WIN,23.16828623289432,3099.441144132987,4099.441144132987,68.2
2025-09-16,17:00,Verl,Alemannia Aachen,3. Liga,Germany,Over 1.5,Over 1.5 Goals,1.9856404770225788,73.8,46.6,25.0,24.64101192556447,LOSS,-25.0,3074.441144132987,4074.441144132987,68.0
2025-09-16,18:45,Dagenham & Redbridge,Bedford Town,FA Cup,England,BTTS No,Both Teams to Score - No,2.51,63.6,59.7,25.0,37.74999999999999,WIN,37.74999999999999,3112.191144132987,4112.191144132987,68.1
2025-09-16,18:45,Evesham United,Racing Club Warwick,FA Cup,England,Over 9.5 Corners,Over 9.5 Total Corners,1.706220058968362,80.4,37.1,25.0,17.65550147420905,WIN,17.65550147420905,3129.846645607196,4129.8466456071965,68.2
2025-09-16,18:00,Helmond Sport,Jong Utrecht,Eerste Divisie,Netherlands,Over 11.5 Corners,Over 11.5 Total Corners,2.713234836339142,60.2,63.4,25.0,42.830870908478545,WIN,42.830870908478545,3172.6775165156746,4172.677516515674,68.3
2025-09-16,18:45,Banbury United,Chasetown,FA Cup,England,Over 1.5,Over 1.5 Goals,1.9510329360427856,73.8,44.1,25.0,23.77582340106964,WIN,23.77582340106964,3196.4533399167444,4196.453339916745,68.4
2025-09-16,17:00,FC Viktoria Köln,Hoffenheim II,3. Liga,Germany,Over 11.5 Corners,Over 11.5 Total Corners,2.666696480747878,60.2,60.6,25.0,41.66741201869695,LOSS,-25.0,3171.4533399167444,4171.453339916745,68.2
2025-09-16,18:00,FC OSS,VVV Venlo,Eerste Divisie,Netherlands,BTTS No,Both Teams to Score - No,2.57,60.6,55.8,25.0,39.24999999999999,LOSS,-25.0,3146.4533399167444,4146.453339916745,67.9
2025-09-16,18:45,Worthing,Jersey Bulls,FA Cup,England,Over 11.5 Corners,Over 11.5 Total Corners,2.5828752689404766,60.2,55.5,25.0,39.571881723511915,LOSS,-25.0,3121.4533399167444,4121.453339916745,67.7
2025-09-16,17:00,FC Viktoria Köln,Hoffenheim II,3. Liga,Germany,Over 9.5 Corners,Over 9.5 Total Corners,1.8239014167938667,74.6,36.1,25.0,20.59753541984667,WIN,20.59753541984667,3142.050875336591,4142.050875336591,67.8
2025-09-16,18:45,Halesowen Town,Grimsby Borough,FA Cup,England,Over 9.5 Corners,Over 9.5 Total Corners,1.845927749266883,74.0,36.7,25.0,21.148193731672077,WIN,21.148193731672077,3163.1990690682633,4163.199069068263,67.9
2025-09-16,18:45,Southport,Radcliffe,FA Cup,England,Over 9.5 Corners,Over 9.5 Total Corners,2.1092597525036076,68.2,43.9,25.0,27.73149381259019,WIN,27.73149381259019,3190.9305628808534,4190.930562880853,68.0
2025-09-16,17:00,FC Schweinfurt 05,MSV Duisburg,3. Liga,Germany,Under 11.5 Corners,Under 11.5 Total Corners,1.4755685794294962,83.0,22.5,25.0,11.889214485737403,WIN,11.889214485737403,3202.8197773665906,4202.819777366591,68.1
2025-09-16,17:00,FC Schweinfurt 05,MSV Duisburg,3. Liga,Germany,Home/Away,Home Win or Away Win (No Draw),1.42,84.2,19.6,25.0,10.499999999999998,WIN,10.499999999999998,3213.3197773665906,4213.319777366591,68.2
2025-09-16,18:00,Waalwijk,Vitesse,Eerste Divisie,Netherlands,Over 9.5 Corners,Over 9.5 Total Corners,2.062136279062163,68.2,40.7,25.0,26.553406976554072,LOSS,-25.0,3188.3197773665906,4188.319777366591,68.0
2025-09-16,18:45,Chichester City,Whitstable Town,FA Cup,England,Over 9.5 Corners,Over 9.5 Total Corners,1.706895424081283,75.2,28.4,25.0,17.672385602032076,WIN,17.672385602032076,3205.992162968623,4205.992162968623,68.1
2025-09-16,18:45,Wythenshawe Town,Bury,FA Trophy,England,BTTS No,Both Teams to Score - No,2.15,64.9,39.6,25.0,28.749999999999996,WIN,28.749999999999996,3234.742162968623,4234.742162968623,68.2
2025-09-16,17:00,Boulogne,Bastia,Ligue 2,France,Over 1.5,Over 1.5 Goals,1.9008404553104368,69.8,32.7,25.0,22.521011382760918,LOSS,-25.0,3209.742162968623,4209.742162968623,68.0
2025-09-16,18:45,Weston-super-Mare,Taunton Town,FA Cup,England,Over 9.5 Corners,Over 9.5 Total Corners,1.7734558224765202,72.3,28.1,25.0,19.336395561913005,LOSS,-25.0,3184.742162968623,4184.742162968623,67.8
2025-09-16,18:45,Horsham,Westfield (Surrey),FA Cup,England,Over 9.5 Corners,Over 9.5 Total Corners,1.8962511914934044,69.3,31.4,25.0,22.40627978733511,WIN,22.40627978733511,3207.148442755958,4207.148442755958,67.9
2025-09-16,18:00,MVV,Den Bosch,Eerste Divisie,Netherlands,Home/Away,Home Win or Away Win (No Draw),1.29,85.2,10.0,25.0,7.250000000000001,WIN,7.250000000000001,3214.398442755958,4214.398442755958,68.0
2025-09-16,17:00,Boulogne,Bastia,Ligue 2,France,Over 9.5 Corners,Over 9.5 Total Corners,2.139336993849186,64.3,37.5,25.0,28.483424846229653,WIN,28.483424846229653,3242.881867602188,4242.881867602187,68.1
2025-09-16,18:45,Wythenshawe Town,Bury,FA Trophy,England,Under 11.5 Corners,Under 11.5 Total Corners,1.4918101020353354,78.2,16.7,25.0,12.295252550883385,WIN,12.295252550883385,3255.1771201530714,4255.177120153072,68.2
2025-09-16,18:00,Helmond Sport,Jong Utrecht,Eerste Divisie,Netherlands,Draw/Away,Draw or Away Win,2.17,63.0,36.6,25.0,29.25,WIN,29.25,3284.4271201530714,4284.427120153072,68.3
2025-09-16,18:45,Horsham,Westfield (Surrey),FA Cup,England,BTTS No,Both Teams to Score - No,2.3,60.6,39.5,25.0,32.49999999999999,LOSS,-25.0,3259.4271201530714,4259.427120153072,68.1
2025-09-16,18:00,Helmond Sport,Jong Utrecht,Eerste Divisie,Netherlands,Home/Away,Home Win or Away Win (No Draw),1.39,80.9,12.4,25.0,9.749999999999998,WIN,9.749999999999998,3269.1771201530714,4269.177120153072,68.2
2025-09-16,18:45,Witham Town,Mulbarton Wanderers,FA Cup,England,Over 9.5 Corners,Over 9.5 Total Corners,2.127450498738047,63.5,35.0,25.0,28.186262468451172,WIN,28.186262468451172,3297.3633826215228,4297.363382621523,68.3
2025-09-16,18:45,Dagenham & Redbridge,Bedford Town,FA Cup,England,Home/Away,Home Win or Away Win (No Draw),1.33,81.8,8.9,25.0,8.250000000000002,WIN,8.250000000000002,3305.6133826215228,4305.613382621523,68.4
2025-09-16,18:45,Halesowen Town,Grimsby Borough,FA Cup,England,Over 2.5,Over 2.5 Goals,1.7661535761426503,70.2,24.0,25.0,19.15383940356626,WIN,19.15383940356626,3324.767222025089,4324.767222025089,68.5
2025-09-16,17:00,Boulogne,Bastia,Ligue 2,France,Home/Away,Home Win or Away Win (No Draw),1.27,83.3,5.8,25.0,6.75,LOSS,-25.0,3299.767222025089,4299.767222025089,68.2
2025-09-16,17:00,Boulogne,Bastia,Ligue 2,France,Home Under 1.5,Home Team Under 1.5 Goals,1.5532501838477917,74.9,16.3,25.0,13.831254596194793,WIN,13.831254596194793,3313.5984766212837,4313.598476621284,68.3
2025-09-16,18:00,MVV,Den Bosch,Eerste Divisie,Netherlands,Over 11.5 Corners,Over 11.5 Total Corners,2.2332127714061967,60.2,34.5,25.0,30.830319285154918,WIN,30.830319285154918,3344.4287959064386,4344.428795906439,68.4
2025-09-16,18:45,Dagenham & Redbridge,Bedford Town,FA Cup,England,Under 11.5 Corners,Under 11.5 Total Corners,1.3798772889820583,78.2,7.9,25.0,9.496932224551458,WIN,9.496932224551458,3353.92572813099,4353.92572813099,68.5
2025-09-16,17:00,Verl,Alemannia Aachen,3. Liga,Germany,Draw/Away,Draw or Away Win,2.0,63.0,25.9,25.0,25.0,WIN,25.0,3378.92572813099,4378.92572813099,68.6
2025-09-16,18:45,Evesham United,Racing Club Warwick,FA Cup,England,Under 2.5,Under 2.5 Goals,2.11277332078878,60.8,28.5,25.0,27.819333019719505,WIN,27.819333019719505,3406.7450611507097,4406.74506115071,68.7
2025-09-16,17:00,FC Viktoria Köln,Hoffenheim II,3. Liga,Germany,Home/Away,Home Win or Away Win (No Draw),1.37,77.6,6.3,25.0,9.250000000000004,WIN,9.250000000000004,3415.9950611507097,4415.99506115071,68.8
2025-09-16,18:45,Tonbridge Angels,Steyning Town,FA Cup,England,Over 9.5 Corners,Over 9.5 Total Corners,1.7182798434356936,68.2,17.3,25.0,17.956996085892342,WIN,17.956996085892342,3433.952057236602,4433.952057236602,68.9
2025-09-16,18:45,Witham Town,Mulbarton Wanderers,FA Cup,England,Home Under 1.5,Home Team Under 1.5 Goals,1.7489223066704374,67.3,17.8,25.0,18.723057666760933,WIN,18.723057666760933,3452.6751149033626,4452.675114903363,69.0
2025-09-16,18:45,Southport,Radcliffe,FA Cup,England,Draw/Away,Draw or Away Win,1.88,63.5,19.3,25.0,21.999999999999996,WIN,21.999999999999996,3474.6751149033626,4474.675114903363,69.1
2025-09-16,18:45,Dagenham & Redbridge,Bedford Town,FA Cup,England,Draw/Away,Draw or Away Win,1.88,63.5,19.3,25.0,21.999999999999996,LOSS,-25.0,3449.6751149033626,4449.675114903363,68.9
2025-09-16,18:45,Witham Town,Mulbarton Wanderers,FA Cup,England,BTTS No,Both Teams to Score - No,2.03,60.6,23.1,25.0,25.749999999999996,WIN,25.749999999999996,3475.4251149033626,4475.425114903363,69.0
2025-09-16,18:45,Wythenshawe Town,Bury,FA Trophy,England,Draw/Away,Draw or Away Win,1.9,63.0,19.6,25.0,22.499999999999996,WIN,22.499999999999996,3497.9251149033626,4497.925114903363,69.1
2025-09-16,18:45,Halesowen Town,Grimsby Borough,FA Cup,England,BTTS No,Both Teams to Score - No,2.1,58.4,22.6,25.0,27.500000000000004,LOSS,-25.0,3472.9251149033626,4472.925114903363,68.9
2025-09-16,18:00,MVV,Den Bosch,Eerste Divisie,Netherlands,BTTS No,Both Teams to Score - No,1.99,59.8,19.0,25.0,24.75,WIN,24.75,3497.6751149033626,4497.675114903363,68.9
2025-09-16,18:45,Weston-super-Mare,Taunton Town,FA Cup,England,Over 2.5,Over 2.5 Goals,1.862314143053963,62.1,15.6,25.0,21.557853576349075,LOSS,-25.0,3472.6751149033626,4472.675114903363,68.8
2025-09-16,17:00,FC Viktoria Köln,Hoffenheim II,3. Liga,Germany,Over 1.5,Over 1.5 Goals,1.8000075587827842,63.3,13.9,25.0,20.000188969569603,LOSS,-25.0,3447.6751149033626,4447.675114903363,68.6
2025-09-16,18:45,Tonbridge Angels,Steyning Town,FA Cup,England,Under 3.5,Under 3.5 Goals,1.5907898359187371,67.4,7.2,25.0,14.769745897968429,WIN,14.769745897968429,3462.444860801331,4462.444860801331,68.6
2025-09-16,18:45,Tonbridge Angels,Steyning Town,FA Cup,England,Over 2.5,Over 2.5 Goals,1.860801838335032,61.5,14.4,25.0,21.5200459583758,WIN,21.5200459583758,3483.9649067597065,4483.9649067597065,68.7
2025-09-16,17:00,Boulogne,Bastia,Ligue 2,France,BTTS No,Both Teams to Score - No,1.94,59.9,16.2,25.0,23.5,LOSS,-25.0,3458.9649067597065,4458.9649067597065,68.5
2025-09-16,17:00,Verl,Alemannia Aachen,3. Liga,Germany,BTTS No,Both Teams to Score - No,1.9,60.0,13.9,25.0,22.499999999999996,WIN,22.499999999999996,3481.4649067597065,4481.4649067597065,68.6
2025-09-16,18:00,Waalwijk,Vitesse,Eerste Divisie,Netherlands,Home Under 1.5,Home Team Under 1.5 Goals,1.7819352036040437,61.3,9.2,25.0,19.54838009010109,WIN,19.54838009010109,3501.0132868498076,4501.013286849808,68.7
2025-09-16,18:45,Evesham United,Racing Club Warwick,FA Cup,England,Home Under 1.5,Home Team Under 1.5 Goals,1.7985043239094187,60.9,9.5,25.0,19.96260809773547,LOSS,-25.0,3476.0132868498076,4476.013286849808,68.5
2025-09-16,18:00,Helmond Sport,Jong Utrecht,Eerste Divisie,Netherlands,Over 2.5,Over 2.5 Goals,1.8725682242659036,59.3,11.1,25.0,21.81420560664759,WIN,21.81420560664759,3497.8274924564553,4497.827492456456,68.6
2025-09-16,17:00,Verl,Alemannia Aachen,3. Liga,Germany,Under 11.5 Corners,Under 11.5 Total Corners,1.6881519259724267,62.7,5.9,25.0,17.203798149310668,WIN,17.203798149310668,3515.031290605766,4515.031290605766,68.7
2025-09-16,18:45,Slough Town,Welling United,FA Cup,England,Over 2.5,Over 2.5 Goals,1.712088929409066,62.0,6.2,25.0,17.80222323522665,LOSS,-25.0,3490.031290605766,4490.031290605766,68.5
