date,starting_bankroll,num_bets,total_stakes,daily_profit,ending_bankroll,roi,bets_won,win_rate
2024-08-01,300.0,2,60.0,-60.0,240.0,-100.0,0,0.0
2024-08-02,240.0,2,48.0,-48.0,192.0,-100.0,0,0.0
2024-08-03,191.99999999999997,2,38.400000000000006,107.52000000000001,299.52,280.0,2,100.0
2024-08-04,299.52,2,59.903999999999996,-5.9903999999999975,293.52959999999996,-9.999999999999996,1,50.0
2024-08-05,293.52959999999996,2,58.70591999999999,47.845324799999986,341.3749247999999,81.49999999999999,1,50.0
2024-08-06,341.3749247999999,2,68.27498495999998,-68.27498495999998,273.09993983999993,-100.0,0,0.0
2024-08-07,273.09993983999993,2,54.61998796799999,-54.61998796799999,218.47995187199996,-100.0,0,0.0
2024-08-08,218.47995187199996,2,43.6959903744,-43.6959903744,174.78396149759996,-100.0,0,0.0
2024-08-09,174.78396149759996,2,34.95679229952,-34.95679229952,139.82716919807996,-100.0,0,0.0
2024-08-10,139.82716919807996,2,27.965433839615994,5.45325959872512,145.28042879680507,19.500000000000007,1,50.0
2024-08-11,145.2804287968051,2,29.056085759361014,19.177016601178266,164.45744539798335,65.99999999999999,1,50.0
2024-08-12,164.45744539798335,2,32.891489079596674,30.424627398626928,194.8820727966103,92.50000000000001,1,50.0
2024-08-13,194.8820727966103,2,38.97641455932206,-38.97641455932206,155.90565823728824,-100.0,0,0.0
2024-08-14,155.90565823728824,2,31.181131647457647,-31.181131647457647,124.72452658983059,-100.0,0,0.0
2024-08-15,124.7245265898306,2,24.944905317966118,35.29704102492205,160.02156761475266,141.49999999999997,2,100.0
2024-08-16,160.02156761475266,2,32.00431352295053,46.406254608278275,206.42782222303094,145.00000000000003,2,100.0
2024-08-17,206.42782222303094,2,41.285564444606194,49.12982168908137,255.55764391211233,119.0,1,50.0
2024-08-18,255.55764391211233,2,51.11152878242247,-51.11152878242247,204.44611512968987,-100.0,0,0.0
2024-08-19,204.44611512968987,2,40.88922302593798,-40.88922302593798,163.5568921037519,-100.0,0,0.0
2024-08-20,163.5568921037519,2,32.71137842075038,-3.2711378420750368,160.28575426167686,-9.999999999999996,1,50.0
2024-08-21,160.28575426167686,2,32.057150852335376,6.09085866194372,166.37661292362057,18.999999999999996,1,50.0
2024-08-22,166.37661292362057,2,33.275322584724115,-33.275322584724115,133.10129033889646,-100.0,0,0.0
2024-08-23,133.10129033889646,2,26.620258067779293,-2.662025806777928,130.43926453211853,-9.999999999999995,1,50.0
2024-08-24,130.43926453211853,2,26.087852906423706,18.131057769964478,148.570322302083,69.5,1,50.0
2024-08-25,148.570322302083,2,29.714064460416605,0.0,148.570322302083,0.0,1,50.0
2024-08-26,148.570322302083,2,29.714064460416605,-5.497101925177073,143.07322037690594,-18.500000000000007,1,50.0
2024-08-27,143.07322037690594,2,28.61464407538119,-2.8614644075381186,140.21175596936783,-10.0,1,50.0
2024-08-28,140.21175596936783,2,28.042351193873568,-28.042351193873568,112.16940477549426,-100.0,0,0.0
2024-08-29,112.16940477549426,2,22.433880955098854,-22.433880955098854,89.7355238203954,-100.0,0,0.0
2024-08-30,89.7355238203954,2,17.947104764079082,-1.794710476407908,87.94081334398749,-10.0,1,50.0
2024-08-31,87.94081334398749,2,17.588162668797498,7.035265067518997,94.97607841150648,39.99999999999999,1,50.0
2024-09-01,94.97607841150648,2,18.995215682301296,20.989713328942933,115.96579174044942,110.5,1,50.0
2024-09-02,115.96579174044942,2,23.193158348089884,-23.193158348089884,92.77263339235954,-100.0,0,0.0
2024-09-03,92.77263339235954,2,18.55452667847191,-1.8554526678471905,90.91718072451235,-9.999999999999998,1,50.0
2024-09-04,90.91718072451235,2,18.18343614490247,19.183525132872106,110.10070585738445,105.5,1,50.0
2024-09-05,110.10070585738444,2,22.020141171476894,57.91297128098424,168.01367713836868,263.00000000000006,2,100.0
2024-09-06,168.01367713836868,2,33.602735427673736,-33.602735427673736,134.41094171069494,-100.0,0,0.0
2024-09-07,134.41094171069494,2,26.88218834213899,-26.88218834213899,107.52875336855595,-100.0,0,0.0
2024-09-08,107.52875336855595,2,21.50575067371119,7.957127749273141,115.4858811178291,37.00000000000001,1,50.0
2024-09-09,115.48588111782911,2,23.09717622356582,15.359622188671272,130.84550330650038,66.5,1,50.0
2024-09-10,130.84550330650038,2,26.169100661300078,20.935280529040064,151.78078383554043,80.0,2,100.0
2024-09-11,151.78078383554043,2,30.35615676710809,28.231225793410523,180.01200962895095,93.0,1,50.0
2024-09-12,180.01200962895095,2,36.00240192579019,-36.00240192579019,144.00960770316075,-100.0,0,0.0
2024-09-13,144.00960770316075,2,28.80192154063215,19.585306647629864,163.59491435079062,68.0,1,50.0
2024-09-14,163.59491435079062,2,32.71898287015812,-32.71898287015812,130.8759314806325,-100.0,0,0.0
2024-09-15,130.8759314806325,2,26.175186296126498,16.490367366559692,147.36629884719218,62.999999999999986,1,50.0
2024-09-16,147.36629884719218,2,29.47325976943844,35.8100106198677,183.17630946705987,121.49999999999999,1,50.0
2024-09-17,183.17630946705987,2,36.63526189341197,33.521264632471954,216.69757409953183,91.5,1,50.0
2024-09-18,216.69757409953183,2,43.33951481990637,-4.333951481990635,212.3636226175412,-9.999999999999995,1,50.0
2024-09-19,212.36362261754124,2,42.47272452350825,74.53963153875698,286.9032541562982,175.5,2,100.0
2024-09-20,286.9032541562982,2,57.38065083125964,-57.38065083125964,229.52260332503857,-100.0,0,0.0
2024-09-21,229.52260332503857,2,45.904520665007716,-45.904520665007716,183.61808266003086,-100.0,0,0.0
2024-09-22,183.6180826600309,2,36.723616532006176,-36.723616532006176,146.8944661280247,-100.0,0,0.0
2024-09-23,146.8944661280247,2,29.37889322560494,-29.37889322560494,117.51557290241976,-100.0,0,0.0
2024-09-24,117.51557290241976,2,23.503114580483953,-23.503114580483953,94.01245832193581,-100.0,0,0.0
2024-09-25,94.01245832193581,2,18.802491664387162,-1.8802491664387162,92.1322091554971,-10.0,1,50.0
2024-09-26,92.1322091554971,2,18.42644183109942,-18.42644183109942,73.70576732439767,-100.0,0,0.0
2024-09-27,73.70576732439767,2,14.741153464879535,-14.741153464879535,58.96461385951814,-100.0,0,0.0
2024-09-28,58.96461385951814,2,11.792922771903628,-11.792922771903628,47.17169108761451,-100.0,0,0.0
2024-09-29,47.17169108761451,2,10.0,-1.0,46.17169108761451,-10.0,1,50.0
2024-09-30,46.17169108761451,2,10.0,6.5,52.67169108761451,65.0,1,50.0
2024-10-01,52.67169108761451,2,10.534338217522903,-10.534338217522903,42.13735287009161,-100.0,0,0.0
2024-10-02,42.13735287009161,2,10.0,-10.0,32.13735287009161,-100.0,0,0.0
2024-10-03,32.13735287009161,1,4.820602930513742,-4.820602930513742,27.316749939577868,-100.0,0,0.0
2024-10-04,27.316749939577868,1,4.09751249093668,-4.09751249093668,23.219237448641188,-100.0,0,0.0
2024-10-05,23.219237448641188,1,3.482885617296178,7.209573227803088,30.428810676444275,206.99999999999997,1,100.0
2024-10-06,30.428810676444275,1,4.5643216014666415,-4.5643216014666415,25.864489074977634,-100.0,0,0.0
2024-10-07,25.864489074977634,1,3.879673361246645,-3.879673361246645,21.98481571373099,-100.0,0,0.0
2024-10-08,21.98481571373099,1,3.2977223570596483,7.815601986231367,29.800417699962356,237.0,1,100.0
2024-10-09,29.800417699962356,1,4.470062654994353,-4.470062654994353,25.330355044968,-100.0,0,0.0
2024-10-10,25.330355044968,1,3.7995532567452,-3.7995532567452,21.530801788222803,-100.0,0,0.0
2024-10-11,21.530801788222803,1,3.2296202682334205,2.5836962145867366,24.11449800280954,80.0,1,100.0
2024-10-12,24.11449800280954,1,3.617174700421431,-3.617174700421431,20.49732330238811,-100.0,0,0.0
2024-10-13,20.49732330238811,1,3.0745984953582166,-3.0745984953582166,17.422724807029894,-100.0,0,0.0
2024-10-14,17.422724807029894,1,2.613408721054484,-2.613408721054484,14.80931608597541,-100.0,0,0.0
2024-10-15,14.80931608597541,1,2.2213974128963114,6.1754848078517455,20.984800893827156,278.0,1,100.0
2024-10-16,20.984800893827156,1,3.1477201340740733,-3.1477201340740733,17.837080759753082,-100.0,0,0.0
2024-10-17,17.837080759753082,1,2.6755621139629624,-2.6755621139629624,15.16151864579012,-100.0,0,0.0
2024-10-18,15.16151864579012,1,2.2742277968685176,-2.2742277968685176,12.887290848921602,-100.0,0,0.0
2024-10-19,12.887290848921603,1,1.9330936273382402,5.064705303626189,17.951996152547792,262.0,1,100.0
2024-10-20,17.951996152547792,1,2.692799422882169,-2.692799422882169,15.259196729665623,-100.0,0,0.0
2024-10-21,15.259196729665623,1,2.2888795094498433,-2.2888795094498433,12.97031722021578,-100.0,0,0.0
2024-10-22,12.97031722021578,1,1.9455475830323667,-1.9455475830323667,11.024769637183413,-100.0,0,0.0
2024-10-23,11.024769637183411,1,1.6537154455775118,-1.6537154455775118,9.3710541916059,-100.0,0,0.0
2024-10-24,9.3710541916059,1,1.405658128740885,-1.405658128740885,7.965396062865015,-100.0,0,0.0
2024-10-25,7.965396062865015,1,1.1948094094297521,-1.1948094094297521,6.770586653435263,-100.0,0,0.0
2024-10-26,6.770586653435263,1,1.0155879980152893,-1.0155879980152893,5.754998655419974,-100.0,0,0.0
2024-10-27,5.754998655419974,1,0.8632497983129961,1.976842038136761,7.731840693556735,229.0,1,100.0
2024-10-28,7.731840693556734,1,1.1597761040335102,-1.1597761040335102,6.572064589523224,-100.0,0,0.0
2024-10-29,6.572064589523224,1,0.9858096884284836,-0.9858096884284836,5.58625490109474,-100.0,0,0.0
2024-10-30,5.58625490109474,1,0.8379382351642111,-0.8379382351642111,4.748316665930529,-100.0,0,0.0
2024-10-31,4.748316665930529,1,0.7122474998895794,-0.7122474998895794,4.03606916604095,-100.0,0,0.0
2024-11-01,4.03606916604095,1,0.6054103749061425,-0.6054103749061425,3.4306587911348077,-100.0,0,0.0
2024-11-02,3.4306587911348077,1,0.5145988186702212,0.972591767286718,4.403250558421526,189.0,1,100.0
2024-11-03,4.403250558421526,1,0.6604875837632288,-0.6604875837632288,3.742762974658297,-100.0,0,0.0
2024-11-04,3.742762974658297,1,0.5614144461987446,1.3305522374910248,5.073315212149322,237.0,1,100.0
2024-11-05,5.073315212149322,1,0.7609972818223983,-0.7609972818223983,4.312317930326924,-100.0,0,0.0
2024-11-06,4.312317930326924,1,0.6468476895490386,-0.6468476895490386,3.6654702407778856,-100.0,0,0.0
2024-11-07,3.6654702407778856,1,0.5498205361166828,-0.5498205361166828,3.1156497046612026,-100.0,0,0.0
2024-11-08,3.1156497046612026,1,0.46734745569918035,-0.46734745569918035,2.6483022489620223,-100.0,0,0.0
2024-11-09,2.6483022489620223,1,0.39724533734430334,-0.39724533734430334,2.251056911617719,-100.0,0,0.0
2024-11-10,2.2510569116177193,1,0.33765853674265783,0.7867443906103928,3.037801302228112,233.0,1,100.0
2024-11-11,3.037801302228112,1,0.45567019533421677,-0.45567019533421677,2.582131106893895,-100.0,0,0.0
2024-11-12,2.582131106893895,1,0.38731966603408424,0.8792156418973712,3.461346748791266,227.0,1,100.0
2024-11-13,3.461346748791266,1,0.5192020123186899,1.2305087691952952,4.6918555179865615,237.0,1,100.0
2024-11-14,4.6918555179865615,1,0.7037783276979842,1.6398035035363032,6.3316590215228645,233.0,1,100.0
2024-11-15,6.3316590215228645,1,0.9497488532284296,-0.9497488532284296,5.381910168294435,-100.0,0,0.0
2024-11-16,5.381910168294435,1,0.8072865252441652,-0.8072865252441652,4.57462364305027,-100.0,0,0.0
2024-11-17,4.57462364305027,1,0.6861935464575405,-0.6861935464575405,3.8884300965927294,-100.0,0,0.0
2024-11-18,3.8884300965927294,1,0.5832645144889094,-0.5832645144889094,3.30516558210382,-100.0,0,0.0
2024-11-19,3.30516558210382,1,0.495774837315573,-0.495774837315573,2.809390744788247,-100.0,0,0.0
2024-11-20,2.809390744788247,1,0.42140861171823707,1.0071665820065867,3.816557326794834,239.0,1,100.0
2024-11-21,3.816557326794834,1,0.5724835990192251,-0.5724835990192251,3.244073727775609,-100.0,0,0.0
2024-11-22,3.244073727775609,1,0.4866110591663413,-0.4866110591663413,2.757462668609268,-100.0,0,0.0
2024-11-23,2.757462668609268,1,0.41361940029139016,0.7651958905390719,3.52265855914834,185.00000000000003,1,100.0
2024-11-24,3.52265855914834,1,0.5283987838722509,-0.5283987838722509,2.994259775276089,-100.0,0,0.0
2024-11-25,2.994259775276089,1,0.44913896629141337,0.24253504179736324,3.236794817073452,54.0,1,100.0
2024-11-26,3.236794817073452,1,0.4855192225610178,-0.4855192225610178,2.7512755945124345,-100.0,0,0.0
2024-11-27,2.7512755945124345,1,0.4126913391768652,0.3301530713414922,3.0814286658539265,80.00000000000001,1,100.0
2024-11-28,3.0814286658539265,1,0.46221429987808893,1.5669064765867213,4.648335142440648,338.99999999999994,1,100.0
2024-11-29,4.648335142440648,1,0.6972502713660972,-0.6972502713660972,3.951084871074551,-100.0,0,0.0
2024-11-30,3.951084871074551,1,0.5926627306611826,1.327564516681049,5.2786493877556,224.00000000000003,1,100.0
2024-12-01,5.2786493877556,1,0.79179740816334,-0.79179740816334,4.4868519795922595,-100.0,0,0.0
2024-12-02,4.4868519795922595,1,0.6730277969388389,-0.6730277969388389,3.8138241826534207,-100.0,0,0.0
2024-12-03,3.8138241826534207,1,0.572073627398013,-0.572073627398013,3.2417505552554076,-100.0,0,0.0
2024-12-04,3.2417505552554076,1,0.4862625832883111,-0.4862625832883111,2.7554879719670966,-100.0,0,0.0
2024-12-05,2.7554879719670966,1,0.4133231957950645,-0.4133231957950645,2.342164776172032,-100.0,0,0.0
2024-12-06,2.342164776172032,1,0.35132471642580476,-0.35132471642580476,1.990840059746227,-100.0,0,0.0
2024-12-07,1.990840059746227,1,0.29862600896193403,-0.29862600896193403,1.692214050784293,-100.0,0,0.0
2024-12-08,1.692214050784293,1,0.25383210761764397,-0.25383210761764397,1.4383819431666491,-100.0,0,0.0
2024-12-09,1.4383819431666491,1,0.21575729147499736,-0.21575729147499736,1.2226246516916517,-100.0,0,0.0
2024-12-10,1.2226246516916517,1,0.18339369775374775,-0.18339369775374775,1.0392309539379039,-100.0,0,0.0
2024-12-11,1.0392309539379039,1,0.1558846430906856,-0.1558846430906856,0.8833463108472183,-100.0,0,0.0
2024-12-12,0.8833463108472183,1,0.13250194662708273,0.36968043108956083,1.253026741936779,279.0,1,100.0
2024-12-13,1.253026741936779,1,0.18795401129051686,-0.18795401129051686,1.0650727306462622,-100.0,0,0.0
2024-12-14,1.0650727306462622,1,0.1597609095969393,-0.1597609095969393,0.9053118210493228,-100.0,0,0.0
2024-12-15,0.9053118210493227,1,0.1357967731573984,-0.1357967731573984,0.7695150478919244,-100.0,0,0.0
2024-12-16,0.7695150478919244,1,0.11542725718378866,-0.11542725718378866,0.6540877907081357,-100.0,0,0.0
2024-12-17,0.6540877907081357,1,0.09811316860622035,-0.09811316860622035,0.5559746221019154,-100.0,0,0.0
2024-12-18,0.5559746221019154,1,0.0833961933152873,-0.0833961933152873,0.4725784287866281,-100.0,0,0.0
2024-12-19,0.47257842878662815,1,0.0708867643179942,-0.0708867643179942,0.4016916644686339,-100.0,0,0.0
2024-12-20,0.4016916644686339,1,0.060253749670295086,-0.060253749670295086,0.34143791479833885,-100.0,0,0.0
2024-12-21,0.34143791479833885,1,0.051215687219750824,0.14391608108749981,0.48535399588583866,281.0,1,100.0
2024-12-22,0.4853539958858386,1,0.0728030993828758,-0.0728030993828758,0.41255089650296284,-100.0,0,0.0
2024-12-23,0.41255089650296284,1,0.061882634475444426,-0.061882634475444426,0.35066826202751844,-100.0,0,0.0
2024-12-24,0.35066826202751844,1,0.052600239304127765,-0.052600239304127765,0.29806802272339067,-100.0,0,0.0
2024-12-25,0.29806802272339067,1,0.0447102034085086,-0.0447102034085086,0.25335781931488205,-100.0,0,0.0
2024-12-26,0.25335781931488205,1,0.038003672897232305,-0.038003672897232305,0.21535414641764974,-100.0,0,0.0
2024-12-27,0.21535414641764972,1,0.03230312196264746,0.07138989953745088,0.2867440459551006,221.0,1,100.0
2024-12-28,0.2867440459551006,1,0.04301160689326509,-0.04301160689326509,0.24373243906183553,-100.0,0,0.0
2024-12-29,0.24373243906183556,1,0.03655986585927533,-0.03655986585927533,0.20717257320256022,-100.0,0,0.0
2024-12-30,0.20717257320256022,1,0.031075885980384032,0.07427136749311784,0.2814439406956781,239.0,1,100.0
2024-12-31,0.2814439406956781,1,0.04221659110435171,-0.04221659110435171,0.23922734959132635,-100.0,0,0.0
2025-01-01,0.23922734959132633,1,0.03588410243869895,0.08325111765778156,0.3224784672491079,231.99999999999997,1,100.0
2025-01-02,0.3224784672491079,1,0.048371770087366185,-0.048371770087366185,0.2741066971617417,-100.0,0,0.0
2025-01-03,0.27410669716174163,1,0.041116004574261254,0.07729808859961115,0.3514047857613528,188.0,1,100.0
2025-01-04,0.3514047857613528,1,0.05271071786420292,-0.05271071786420292,0.2986940678971499,-100.0,0,0.0
2025-01-05,0.2986940678971499,1,0.04480411018457248,-0.04480411018457248,0.25388995771257744,-100.0,0,0.0
2025-01-06,0.25388995771257744,1,0.03808349365688662,0.09101954983995902,0.34490950755253647,239.0,1,100.0
2025-01-07,0.34490950755253647,1,0.051736426132880466,-0.051736426132880466,0.293173081419656,-100.0,0,0.0
2025-01-08,0.293173081419656,1,0.043975962212948395,-0.043975962212948395,0.2491971192067076,-100.0,0,0.0
2025-01-09,0.24919711920670756,1,0.03737956788100614,0.11774563882516935,0.3669427580318769,315.00000000000006,1,100.0
2025-01-10,0.3669427580318769,1,0.055041413704781536,-0.055041413704781536,0.3119013443270954,-100.0,0,0.0
2025-01-11,0.3119013443270954,1,0.04678520164906431,-0.04678520164906431,0.2651161426780311,-100.0,0,0.0
2025-01-12,0.2651161426780311,1,0.03976742140170466,0.13361853590972766,0.39873467858775874,336.00000000000006,1,100.0
2025-01-13,0.39873467858775874,1,0.059810201788163805,0.04784816143053105,0.4465828400182898,80.0,1,100.0
2025-01-14,0.44658284001828974,1,0.06698742600274346,-0.06698742600274346,0.3795954140155463,-100.0,0,0.0
2025-01-15,0.37959541401554636,1,0.05693931210233194,0.13266859719843344,0.5122640112139798,233.0,1,100.0
2025-01-16,0.5122640112139798,1,0.07683960168209697,-0.07683960168209697,0.43542440953188283,-100.0,0,0.0
2025-01-17,0.4354244095318829,1,0.06531366142978243,0.12213654687369314,0.557560956405576,187.0,1,100.0
2025-01-18,0.5575609564055761,1,0.0836341434608364,0.13130560523351315,0.6888665616390892,156.99999999999997,1,100.0
2025-01-19,0.6888665616390892,1,0.10332998424586338,0.23352576439565123,0.9223923260347404,225.99999999999997,1,100.0
2025-01-20,0.9223923260347404,1,0.13835884890521105,-0.13835884890521105,0.7840334771295294,-100.0,0,0.0
2025-01-21,0.7840334771295294,1,0.11760502156942941,0.09408401725554354,0.8781174943850729,80.0,1,100.0
2025-01-22,0.8781174943850729,1,0.13171762415776092,-0.13171762415776092,0.746399870227312,-100.0,0,0.0
2025-01-23,0.746399870227312,1,0.1119599805340968,0.08956798442727744,0.8359678546545894,80.0,1,100.0
2025-01-24,0.8359678546545894,1,0.1253951781981884,-0.1253951781981884,0.7105726764564011,-100.0,0,0.0
2025-01-25,0.7105726764564011,1,0.10658590146846016,-0.10658590146846016,0.603986774987941,-100.0,0,0.0
2025-01-26,0.6039867749879411,1,0.09059801624819114,-0.09059801624819114,0.5133887587397499,-100.0,0,0.0
2025-01-27,0.5133887587397499,1,0.07700831381096247,-0.07700831381096247,0.4363804449287874,-100.0,0,0.0
2025-01-28,0.43638044492878747,1,0.06545706673931811,0.2199357442441089,0.6563161891728964,336.00000000000006,1,100.0
2025-01-29,0.6563161891728964,1,0.09844742837593445,-0.09844742837593445,0.5578687607969619,-100.0,0,0.0
2025-01-30,0.5578687607969619,1,0.08368031411954428,-0.08368031411954428,0.4741884466774176,-100.0,0,0.0
2025-01-31,0.47418844667741766,1,0.07112826700161264,0.19560273425443475,0.6697911809318524,275.0,1,100.0
2025-02-01,0.6697911809318524,1,0.10046867713977786,-0.10046867713977786,0.5693225037920746,-100.0,0,0.0
2025-02-02,0.5693225037920746,1,0.08539837556881119,-0.08539837556881119,0.4839241282232634,-100.0,0,0.0
2025-02-03,0.4839241282232634,1,0.07258861923348951,-0.07258861923348951,0.4113355089897739,-100.0,0,0.0
2025-02-04,0.4113355089897739,1,0.06170032634846608,0.12771967554132477,0.5390551845310987,206.99999999999997,1,100.0
2025-02-05,0.5390551845310987,1,0.0808582776796648,0.06468662214373185,0.6037418066748306,80.0,1,100.0
2025-02-06,0.6037418066748306,1,0.09056127100122459,-0.09056127100122459,0.513180535673606,-100.0,0,0.0
2025-02-07,0.513180535673606,1,0.0769770803510409,-0.0769770803510409,0.4362034553225651,-100.0,0,0.0
2025-02-08,0.4362034553225651,1,0.06543051829838477,-0.06543051829838477,0.37077293702418035,-100.0,0,0.0
2025-02-09,0.37077293702418035,1,0.05561594055362705,-0.05561594055362705,0.3151569964705533,-100.0,0,0.0
2025-02-10,0.3151569964705533,1,0.047273549470582994,0.1073109572982234,0.42246795376877666,227.0,1,100.0
2025-02-11,0.42246795376877666,1,0.0633701930653165,0.0506961544522532,0.47316410822102983,80.0,1,100.0
2025-02-12,0.47316410822102983,1,0.07097461623315447,-0.07097461623315447,0.40218949198787535,-100.0,0,0.0
2025-02-13,0.40218949198787535,1,0.0603284237981813,-0.0603284237981813,0.34186106818969403,-100.0,0,0.0
2025-02-14,0.34186106818969403,1,0.0512791602284541,0.12101881813915168,0.4628798863288457,236.0,1,100.0
2025-02-15,0.4628798863288457,1,0.06943198294932686,-0.06943198294932686,0.39344790337951885,-100.0,0,0.0
2025-02-16,0.39344790337951885,1,0.059017185506927826,0.047213748405542266,0.4406616517850611,80.0,1,100.0
2025-02-17,0.4406616517850611,1,0.06609924776775916,-0.06609924776775916,0.37456240401730195,-100.0,0,0.0
2025-02-18,0.37456240401730195,1,0.05618436060259529,-0.05618436060259529,0.31837804341470666,-100.0,0,0.0
2025-02-19,0.31837804341470666,1,0.047756706512205996,-0.047756706512205996,0.2706213369025007,-100.0,0,0.0
2025-02-20,0.2706213369025007,1,0.0405932005353751,-0.0405932005353751,0.23002813636712557,-100.0,0,0.0
2025-02-21,0.2300281363671256,1,0.03450422045506883,-0.03450422045506883,0.19552391591205676,-100.0,0,0.0
2025-02-22,0.19552391591205676,1,0.029328587386808512,-0.029328587386808512,0.16619532852524824,-100.0,0,0.0
2025-02-23,0.16619532852524824,1,0.024929299278787235,-0.024929299278787235,0.141266029246461,-100.0,0,0.0
2025-02-24,0.141266029246461,1,0.02118990438696915,-0.02118990438696915,0.12007612485949186,-100.0,0,0.0
2025-02-25,0.12007612485949186,1,0.018011418728923777,0.014409134983139022,0.13448525984263088,80.0,1,100.0
2025-02-26,0.13448525984263088,1,0.020172788976394632,-0.020172788976394632,0.11431247086623625,-100.0,0,0.0
2025-02-27,0.11431247086623625,1,0.017146870629935435,-0.017146870629935435,0.09716560023630082,-100.0,0,0.0
2025-02-28,0.09716560023630082,1,0.014574840035445121,-0.014574840035445121,0.08259076020085569,-100.0,0,0.0
2025-03-01,0.08259076020085569,1,0.012388614030128354,-0.012388614030128354,0.07020214617072734,-100.0,0,0.0
2025-03-02,0.07020214617072734,1,0.0105303219256091,-0.0105303219256091,0.05967182424511824,-100.0,0,0.0
2025-03-03,0.05967182424511824,1,0.008950773636767736,-0.008950773636767736,0.050721050608350506,-100.0,0,0.0
2025-03-04,0.05072105060835051,1,0.0076081575912525755,-0.0076081575912525755,0.043112893017097934,-100.0,0,0.0
2025-03-05,0.043112893017097934,1,0.00646693395256469,0.005173547162051752,0.04828644017914969,80.0,1,100.0
2025-03-06,0.04828644017914969,1,0.007242966026872453,-0.007242966026872453,0.041043474152277236,-100.0,0,0.0
2025-03-07,0.041043474152277236,1,0.006156521122841585,-0.006156521122841585,0.034886953029435654,-100.0,0,0.0
2025-03-08,0.034886953029435654,1,0.005233042954415348,-0.005233042954415348,0.029653910075020305,-100.0,0,0.0
2025-03-09,0.0296539100750203,1,0.0044480865112530455,-0.0044480865112530455,0.025205823563767257,-100.0,0,0.0
2025-03-10,0.025205823563767257,1,0.0037808735345650885,-0.0037808735345650885,0.02142495002920217,-100.0,0,0.0
2025-03-11,0.02142495002920217,1,0.0032137425043803256,0.0025709940035042607,0.02399594403270643,80.0,1,100.0
2025-03-12,0.023995944032706433,1,0.0035993916049059643,-0.0035993916049059643,0.020396552427800467,-100.0,0,0.0
2025-03-13,0.020396552427800467,1,0.00305948286417007,0.0049563622399555135,0.02535291466775598,162.0,1,100.0
2025-03-14,0.02535291466775598,1,0.003802937200163397,-0.003802937200163397,0.021549977467592584,-100.0,0,0.0
2025-03-15,0.021549977467592584,1,0.0032324966201388874,-0.0032324966201388874,0.018317480847453698,-100.0,0,0.0
2025-03-16,0.018317480847453698,1,0.0027476221271180547,-0.0027476221271180547,0.015569858720335644,-100.0,0,0.0
2025-03-17,0.015569858720335644,1,0.0023354788080503465,-0.0023354788080503465,0.013234379912285297,-100.0,0,0.0
2025-03-18,0.013234379912285297,1,0.0019851569868427946,-0.0019851569868427946,0.011249222925442502,-100.0,0,0.0
2025-03-19,0.011249222925442502,1,0.0016873834388163751,-0.0016873834388163751,0.009561839486626127,-100.0,0,0.0
2025-03-20,0.009561839486626127,1,0.001434275922993919,-0.001434275922993919,0.008127563563632208,-100.0,0,0.0
2025-03-21,0.008127563563632208,1,0.0012191345345448311,-0.0012191345345448311,0.006908429029087376,-100.0,0,0.0
2025-03-22,0.006908429029087377,1,0.0010362643543631064,-0.0010362643543631064,0.00587216467472427,-100.0,0,0.0
2025-03-23,0.00587216467472427,1,0.0008808247012086405,-0.0008808247012086405,0.00499133997351563,-100.0,0,0.0
2025-03-24,0.00499133997351563,1,0.0007487009960273445,-0.0007487009960273445,0.004242638977488286,-100.0,0,0.0
2025-03-25,0.004242638977488286,1,0.0006363958466232429,-0.0006363958466232429,0.0036062431308650426,-100.0,0,0.0
2025-03-26,0.003606243130865043,1,0.0005409364696297564,-0.0005409364696297564,0.0030653066612352864,-100.0,0,0.0
2025-03-27,0.0030653066612352864,1,0.0004597959991852929,0.001039138958158762,0.004104445619394048,225.99999999999997,1,100.0
2025-03-28,0.004104445619394048,1,0.0006156668429091072,0.001637673802138225,0.005742119421532273,266.0,1,100.0
2025-03-29,0.005742119421532273,1,0.0008613179132298409,0.001955191663031739,0.007697311084564012,227.0,1,100.0
2025-03-30,0.007697311084564012,1,0.0011545966626846018,-0.0011545966626846018,0.006542714421879411,-100.0,0,0.0
2025-03-31,0.006542714421879411,1,0.0009814071632819115,0.003160131065767755,0.009702845487647166,322.0,1,100.0
2025-04-01,0.009702845487647166,1,0.0014554268231470747,0.003478470107321509,0.013181315594968674,239.0,1,100.0
2025-04-02,0.013181315594968676,1,0.001977197339245301,0.0038950787583132435,0.01707639435328192,197.00000000000003,1,100.0
2025-04-03,0.01707639435328192,1,0.002561459152992288,0.00712085644531856,0.02419725079860048,278.0,1,100.0
2025-04-04,0.024197250798600477,1,0.003629587619790072,0.012485781412077849,0.036683032210678326,344.00000000000006,1,100.0
2025-04-05,0.036683032210678326,1,0.005502454831601749,0.0044019638652813995,0.04108499607595972,80.0,1,100.0
2025-04-06,0.04108499607595972,1,0.006162749411393958,0.004930199529115167,0.04601519560507489,80.0,1,100.0
2025-04-07,0.04601519560507489,1,0.006902279340761233,-0.006902279340761233,0.03911291626431365,-100.0,0,0.0
2025-04-08,0.03911291626431365,1,0.005866937439647048,0.013845972357567033,0.05295888862188068,236.0,1,100.0
2025-04-09,0.05295888862188068,1,0.007943833293282103,0.018270816574548834,0.07122970519642952,229.99999999999997,1,100.0
2025-04-10,0.07122970519642952,1,0.010684455779464428,-0.010684455779464428,0.06054524941696509,-100.0,0,0.0
2025-04-11,0.06054524941696509,1,0.009081787412544763,-0.009081787412544763,0.05146346200442033,-100.0,0,0.0
2025-04-12,0.05146346200442033,1,0.0077195193006630485,-0.0077195193006630485,0.043743942703757276,-100.0,0,0.0
2025-04-13,0.043743942703757276,1,0.006561591405563591,-0.006561591405563591,0.03718235129819369,-100.0,0,0.0
2025-04-14,0.03718235129819369,1,0.005577352694729053,0.0044618821557832426,0.04164423345397693,80.0,1,100.0
2025-04-15,0.04164423345397693,1,0.006246635018096539,0.01492945769325073,0.056573691147227656,239.0,1,100.0
2025-04-16,0.056573691147227656,1,0.008486053672084147,-0.008486053672084147,0.04808763747514351,-100.0,0,0.0
2025-04-17,0.04808763747514351,1,0.007213145621271526,-0.007213145621271526,0.040874491853871986,-100.0,0,0.0
2025-04-18,0.040874491853871986,1,0.006131173778080798,-0.006131173778080798,0.03474331807579119,-100.0,0,0.0
2025-04-19,0.03474331807579119,1,0.005211497711368678,-0.005211497711368678,0.02953182036442251,-100.0,0,0.0
2025-04-20,0.02953182036442251,1,0.004429773054663376,-0.004429773054663376,0.025102047309759134,-100.0,0,0.0
2025-04-21,0.025102047309759134,1,0.0037653070964638697,-0.0037653070964638697,0.021336740213295263,-100.0,0,0.0
2025-04-22,0.021336740213295263,1,0.0032005110319942892,-0.0032005110319942892,0.018136229181300974,-100.0,0,0.0
2025-04-23,0.018136229181300974,1,0.002720434377195146,-0.002720434377195146,0.015415794804105829,-100.0,0,0.0
2025-04-24,0.015415794804105829,1,0.0023123692206158744,-0.0023123692206158744,0.013103425583489954,-100.0,0,0.0
2025-04-25,0.013103425583489954,1,0.001965513837523493,-0.001965513837523493,0.01113791174596646,-100.0,0,0.0
2025-04-26,0.01113791174596646,1,0.001670686761894969,-0.001670686761894969,0.009467224984071492,-100.0,0,0.0
2025-04-27,0.009467224984071492,1,0.001420083747610724,-0.001420083747610724,0.008047141236460768,-100.0,0,0.0
2025-04-28,0.008047141236460768,1,0.0012070711854691152,0.0030780315229462438,0.011125172759407012,254.99999999999997,1,100.0
2025-04-29,0.011125172759407012,1,0.0016687759139110518,0.003471053900934988,0.014596226660342,208.0,1,100.0
2025-04-30,0.014596226660342,1,0.0021894339990512998,0.00175154719924104,0.01634777385958304,80.0,1,100.0
2025-05-01,0.01634777385958304,1,0.002452166078937456,-0.002452166078937456,0.013895607780645584,-100.0,0,0.0
2025-05-02,0.013895607780645584,1,0.0020843411670968376,-0.0020843411670968376,0.011811266613548746,-100.0,0,0.0
2025-05-03,0.011811266613548746,1,0.0017716899920323117,-0.0017716899920323117,0.010039576621516434,-100.0,0,0.0
2025-05-04,0.010039576621516434,1,0.001505936493227465,-0.001505936493227465,0.008533640128288968,-100.0,0,0.0
2025-05-05,0.008533640128288968,1,0.0012800460192433452,-0.0012800460192433452,0.007253594109045624,-100.0,0,0.0
2025-05-06,0.007253594109045624,1,0.0010880391163568435,0.0029377056141634775,0.010191299723209101,270.0,1,100.0
2025-05-07,0.010191299723209101,1,0.0015286949584813652,-0.0015286949584813652,0.008662604764727737,-100.0,0,0.0
2025-05-08,0.008662604764727737,1,0.0012993907147091604,0.0010395125717673284,0.009702117336495066,80.0,1,100.0
2025-05-09,0.009702117336495066,1,0.0014553176004742598,-0.0014553176004742598,0.008246799736020806,-100.0,0,0.0
2025-05-10,0.008246799736020806,1,0.0012370199604031208,0.003785281078833549,0.012032080814854355,305.99999999999994,1,100.0
2025-05-11,0.012032080814854355,1,0.0018048121222281532,-0.0018048121222281532,0.0102272686926262,-100.0,0,0.0
2025-05-12,0.0102272686926262,1,0.00153409030389393,0.001227272243115144,0.011454540935741345,80.0,1,100.0
2025-05-13,0.011454540935741345,1,0.0017181811403612017,-0.0017181811403612017,0.009736359795380144,-100.0,0,0.0
2025-05-14,0.009736359795380144,1,0.0014604539693070216,0.004016248415594309,0.013752608210974453,274.99999999999994,1,100.0
2025-05-15,0.013752608210974453,1,0.002062891231646168,-0.002062891231646168,0.011689716979328284,-100.0,0,0.0
2025-05-16,0.011689716979328284,1,0.0017534575468992426,-0.0017534575468992426,0.009936259432429042,-100.0,0,0.0
2025-05-17,0.009936259432429042,1,0.0014904389148643561,-0.0014904389148643561,0.008445820517564685,-100.0,0,0.0
2025-05-18,0.008445820517564685,1,0.0012668730776347027,-0.0012668730776347027,0.007178947439929983,-100.0,0,0.0
2025-05-19,0.007178947439929983,1,0.0010768421159894975,0.000861473692791598,0.008040421132721581,80.0,1,100.0
2025-05-20,0.008040421132721581,1,0.001206063169908237,-0.001206063169908237,0.006834357962813344,-100.0,0,0.0
2025-05-21,0.006834357962813344,1,0.0010251536944220015,-0.0010251536944220015,0.005809204268391342,-100.0,0,0.0
2025-05-22,0.005809204268391342,1,0.0008713806402587014,0.0018734683765562078,0.00768267264494755,215.0,1,100.0
2025-05-23,0.00768267264494755,1,0.0011524008967421324,-0.0011524008967421324,0.006530271748205418,-100.0,0,0.0
2025-05-24,0.006530271748205418,1,0.0009795407622308126,-0.0009795407622308126,0.005550730985974605,-100.0,0,0.0
2025-05-25,0.005550730985974605,1,0.0008326096478961908,-0.0008326096478961908,0.004718121338078415,-100.0,0,0.0
2025-05-26,0.004718121338078415,1,0.0007077182007117622,-0.0007077182007117622,0.004010403137366653,-100.0,0,0.0
2025-05-27,0.004010403137366653,1,0.0006015604706049979,0.0010587464282647962,0.005069149565631449,175.99999999999997,1,100.0
2025-05-28,0.005069149565631449,1,0.0007603724348447174,0.001794478946233533,0.006863628511864982,236.0,1,100.0
2025-05-29,0.006863628511864982,1,0.0010295442767797472,-0.0010295442767797472,0.005834084235085235,-100.0,0,0.0
2025-05-30,0.005834084235085235,1,0.0008751126352627852,-0.0008751126352627852,0.00495897159982245,-100.0,0,0.0
2025-05-31,0.00495897159982245,1,0.0007438457399733674,0.0015769529687435391,0.006535924568565989,212.0,1,100.0
2025-06-01,0.00653592456856599,1,0.0009803886852848983,-0.0009803886852848983,0.005555535883281091,-100.0,0,0.0
2025-06-02,0.005555535883281091,1,0.0008333303824921637,0.002199992209779312,0.0077555280930604025,263.99999999999994,1,100.0
2025-06-03,0.0077555280930604025,1,0.0011633292139590604,-0.0011633292139590604,0.006592198879101343,-100.0,0,0.0
2025-06-04,0.006592198879101343,1,0.0009888298318652014,-0.0009888298318652014,0.005603369047236141,-100.0,0,0.0
2025-06-05,0.005603369047236141,1,0.0008405053570854211,0.002345009946268325,0.007948378993504465,279.0,1,100.0
2025-06-06,0.007948378993504465,1,0.0011922568490256697,0.0026229650678564736,0.010571344061360939,220.00000000000003,1,100.0
2025-06-07,0.01057134406136094,1,0.0015857016092041408,0.004883960956348754,0.015455305017709694,308.00000000000006,1,100.0
2025-06-08,0.015455305017709694,1,0.002318295752656454,-0.002318295752656454,0.01313700926505324,-100.0,0,0.0
2025-06-09,0.01313700926505324,1,0.001970551389757986,0.004571679224238527,0.017708688489291767,231.99999999999997,1,100.0
2025-06-10,0.017708688489291767,1,0.002656303273393765,0.00905799416227274,0.026766682651564507,341.00000000000006,1,100.0
2025-06-11,0.026766682651564507,1,0.004015002397734676,-0.004015002397734676,0.022751680253829832,-100.0,0,0.0
2025-06-12,0.022751680253829832,1,0.003412752038074475,-0.003412752038074475,0.019338928215755356,-100.0,0,0.0
2025-06-13,0.019338928215755356,1,0.002900839232363303,-0.002900839232363303,0.016438088983392052,-100.0,0,0.0
2025-06-14,0.016438088983392052,1,0.0024657133475088078,-0.0024657133475088078,0.013972375635883244,-100.0,0,0.0
2025-06-15,0.013972375635883242,1,0.0020958563453824866,0.004862386721287368,0.01883476235717061,231.99999999999997,1,100.0
2025-06-16,0.01883476235717061,1,0.0028252143535755915,0.006469740869688104,0.025304503226858715,229.0,1,100.0
2025-06-17,0.025304503226858715,1,0.003795675484028807,-0.003795675484028807,0.021508827742829906,-100.0,0,0.0
2025-06-18,0.021508827742829906,1,0.003226324161424486,0.006678491014148685,0.02818731875697859,206.99999999999997,1,100.0
2025-06-19,0.02818731875697859,1,0.004228097813546788,-0.004228097813546788,0.0239592209434318,-100.0,0,0.0
2025-06-20,0.0239592209434318,1,0.00359388314151477,0.008517503045390005,0.03247672398882181,237.0,1,100.0
2025-06-21,0.03247672398882181,1,0.004871508598323271,-0.004871508598323271,0.02760521539049854,-100.0,0,0.0
2025-06-22,0.027605215390498542,1,0.00414078230857478,0.009772246248236482,0.037377461638735024,236.0,1,100.0
2025-06-23,0.037377461638735024,1,0.005606619245810253,0.019454968782961577,0.0568324304216966,347.0,1,100.0
2025-06-24,0.0568324304216966,1,0.00852486456325449,-0.00852486456325449,0.048307565858442106,-100.0,0,0.0
2025-06-25,0.0483075658584421,1,0.007246134878766315,0.014274885711169643,0.06258245156961174,197.00000000000003,1,100.0
2025-06-26,0.06258245156961174,1,0.009387367735441762,0.00750989418835341,0.07009234575796515,80.0,1,100.0
2025-06-27,0.07009234575796515,1,0.010513851863694771,-0.010513851863694771,0.059578493894270376,-100.0,0,0.0
2025-06-28,0.059578493894270376,1,0.008936774084140555,0.024397393249703716,0.0839758871439741,273.0,1,100.0
2025-06-29,0.08397588714397408,1,0.012596383071596114,-0.012596383071596114,0.07137950407237798,-100.0,0,0.0
2025-06-30,0.07137950407237798,1,0.010706925610856696,-0.010706925610856696,0.06067257846152128,-100.0,0,0.0
2025-07-01,0.06067257846152128,1,0.00910088676922819,-0.00910088676922819,0.05157169169229309,-100.0,0,0.0
2025-07-02,0.05157169169229309,1,0.007735753753843963,-0.007735753753843963,0.04383593793844912,-100.0,0,0.0
2025-07-03,0.04383593793844912,1,0.006575390690767368,-0.006575390690767368,0.037260547247681755,-100.0,0,0.0
2025-07-04,0.037260547247681755,1,0.005589082087152263,-0.005589082087152263,0.03167146516052949,-100.0,0,0.0
2025-07-05,0.03167146516052949,1,0.004750719774079423,-0.004750719774079423,0.026920745386450066,-100.0,0,0.0
2025-07-06,0.026920745386450066,1,0.004038111807967509,-0.004038111807967509,0.022882633578482556,-100.0,0,0.0
2025-07-07,0.022882633578482553,1,0.0034323950367723833,-0.0034323950367723833,0.01945023854171017,-100.0,0,0.0
2025-07-08,0.01945023854171017,1,0.002917535781256526,-0.002917535781256526,0.016532702760453644,-100.0,0,0.0
2025-07-09,0.016532702760453644,1,0.0024799054140680465,-0.0024799054140680465,0.014052797346385598,-100.0,0,0.0
2025-07-10,0.014052797346385598,1,0.0021079196019578397,-0.0021079196019578397,0.011944877744427759,-100.0,0,0.0
2025-07-11,0.01194487774442776,1,0.0017917316616641637,0.004282238671377352,0.016227116415805112,239.00000000000006,1,100.0
2025-07-12,0.016227116415805112,1,0.002434067462370767,-0.002434067462370767,0.013793048953434346,-100.0,0,0.0
2025-07-13,0.013793048953434348,1,0.0020689573430151516,0.0032275734551036367,0.017020622408537984,156.0,1,100.0
2025-07-14,0.01702062240853798,1,0.0025530933612806974,0.007378439814101216,0.024399062222639198,289.0,1,100.0
2025-07-15,0.024399062222639198,1,0.0036598593333958796,0.0126997118868837,0.0370987741095229,347.0,1,100.0
2025-07-16,0.0370987741095229,1,0.005564816116428435,-0.005564816116428435,0.03153395799309446,-100.0,0,0.0
2025-07-17,0.03153395799309446,1,0.004730093698964169,-0.004730093698964169,0.026803864294130293,-100.0,0,0.0
2025-07-18,0.026803864294130293,1,0.004020579644119544,-0.004020579644119544,0.022783284650010747,-100.0,0,0.0
2025-07-19,0.022783284650010747,1,0.003417492697501612,-0.003417492697501612,0.019365791952509134,-100.0,0,0.0
2025-07-20,0.019365791952509134,1,0.00290486879287637,0.00839507081141271,0.027760862763921847,289.0,1,100.0
2025-07-21,0.027760862763921847,1,0.004164129414588277,-0.004164129414588277,0.02359673334933357,-100.0,0,0.0
2025-07-22,0.02359673334933357,1,0.0035395100024000355,0.008424033805712085,0.032020767155045655,238.0,1,100.0
2025-07-23,0.032020767155045655,1,0.004803115073256848,0.011143226969955886,0.04316399412500154,231.99999999999997,1,100.0
2025-07-24,0.04316399412500154,1,0.006474599118750231,0.014632594008375521,0.05779658813337706,225.99999999999997,1,100.0
2025-07-25,0.05779658813337706,1,0.00866948822000656,-0.00866948822000656,0.049127099913370505,-100.0,0,0.0
2025-07-26,0.049127099913370505,1,0.007369064987005575,-0.007369064987005575,0.04175803492636493,-100.0,0,0.0
2025-07-27,0.04175803492636493,1,0.006263705238954739,0.008268090915420256,0.05002612584178519,132.0,1,100.0
2025-07-28,0.05002612584178519,1,0.007503918876267778,-0.007503918876267778,0.04252220696551741,-100.0,0,0.0
2025-07-29,0.042522206965517416,1,0.006378331044827611,0.021558758931517326,0.06408096589703474,338.0,1,100.0
2025-07-30,0.06408096589703474,1,0.009612144884555212,-0.009612144884555212,0.05446882101247953,-100.0,0,0.0
2025-07-31,0.05446882101247953,1,0.00817032315187193,-0.00817032315187193,0.0462984978606076,-100.0,0,0.0
2025-08-01,0.0462984978606076,1,0.00694477467909114,-0.00694477467909114,0.03935372318151646,-100.0,0,0.0
2025-08-02,0.03935372318151646,1,0.0059030584772274694,0.004722446781781976,0.04407616996329844,80.0,1,100.0
2025-08-03,0.04407616996329844,1,0.006611425494494766,-0.006611425494494766,0.03746474446880367,-100.0,0,0.0
2025-08-04,0.03746474446880367,1,0.00561971167032055,-0.00561971167032055,0.03184503279848312,-100.0,0,0.0
2025-08-05,0.03184503279848312,1,0.0047767549197724685,-0.0047767549197724685,0.027068277878710655,-100.0,0,0.0
2025-08-06,0.027068277878710655,1,0.004060241681806598,-0.004060241681806598,0.023008036196904058,-100.0,0,0.0
2025-08-07,0.023008036196904058,1,0.0034512054295356086,-0.0034512054295356086,0.01955683076736845,-100.0,0,0.0
2025-08-08,0.01955683076736845,1,0.0029335246151052674,-0.0029335246151052674,0.016623306152263182,-100.0,0,0.0
2025-08-09,0.016623306152263182,1,0.0024934959228394772,-0.0024934959228394772,0.014129810229423705,-100.0,0,0.0
2025-08-10,0.014129810229423705,1,0.002119471534413556,0.0036666857545354517,0.017796495983959156,173.0,1,100.0
2025-08-11,0.017796495983959153,1,0.0026694743975938734,0.006433433298201235,0.02422992928216039,241.0,1,100.0
2025-08-12,0.02422992928216039,1,0.003634489392324058,-0.003634489392324058,0.02059543988983633,-100.0,0,0.0
2025-08-13,0.02059543988983633,1,0.0030893159834754495,-0.0030893159834754495,0.01750612390636088,-100.0,0,0.0
2025-08-14,0.01750612390636088,1,0.002625918585954132,-0.002625918585954132,0.014880205320406749,-100.0,0,0.0
2025-08-15,0.014880205320406747,1,0.002232030798061012,0.0017856246384488099,0.016665829958855558,80.0,1,100.0
2025-08-16,0.016665829958855558,1,0.0024998744938283337,-0.0024998744938283337,0.014165955465027224,-100.0,0,0.0
2025-08-17,0.014165955465027226,1,0.0021248933197540835,0.006034697028101597,0.020200652493128822,284.0,1,100.0
2025-08-18,0.020200652493128822,1,0.0030300978739693234,-0.0030300978739693234,0.0171705546191595,-100.0,0,0.0
2025-08-19,0.0171705546191595,1,0.002575583192873925,-0.002575583192873925,0.014594971426285575,-100.0,0,0.0
2025-08-20,0.014594971426285575,1,0.002189245713942836,-0.002189245713942836,0.012405725712342738,-100.0,0,0.0
2025-08-21,0.012405725712342738,1,0.0018608588568514105,-0.0018608588568514105,0.010544866855491327,-100.0,0,0.0
2025-08-22,0.010544866855491327,1,0.001581730028323699,0.0012653840226589594,0.011810250878150286,80.00000000000001,1,100.0
2025-08-23,0.011810250878150285,1,0.0017715376317225429,0.0038796674134723686,0.015689918291622654,219.0,1,100.0
2025-08-24,0.015689918291622654,1,0.002353487743743398,-0.002353487743743398,0.013336430547879256,-100.0,0,0.0
2025-08-25,0.013336430547879256,1,0.002000464582181888,0.003960919872720139,0.017297350420599395,198.0,1,100.0
2025-08-26,0.017297350420599395,1,0.002594602563089909,-0.002594602563089909,0.014702747857509486,-100.0,0,0.0
2025-08-27,0.014702747857509486,1,0.0022054121786264226,-0.0022054121786264226,0.012497335678883063,-100.0,0,0.0
2025-08-28,0.012497335678883063,1,0.0018746003518324594,-0.0018746003518324594,0.010622735327050603,-100.0,0,0.0
2025-08-29,0.010622735327050603,1,0.0015934102990575905,0.00431814191044607,0.014940877237496673,271.0,1,100.0
2025-08-30,0.014940877237496675,1,0.002241131585624501,0.004975312120086393,0.019916189357583068,222.00000000000003,1,100.0
2025-08-31,0.019916189357583068,1,0.00298742840363746,-0.00298742840363746,0.016928760953945608,-100.0,0,0.0
2025-09-01,0.016928760953945608,1,0.002539314143091841,-0.002539314143091841,0.014389446810853766,-100.0,0,0.0
2025-09-02,0.014389446810853766,1,0.002158417021628065,-0.002158417021628065,0.012231029789225701,-100.0,0,0.0
2025-09-03,0.012231029789225701,1,0.0018346544683838552,-0.0018346544683838552,0.010396375320841846,-100.0,0,0.0
2025-09-04,0.010396375320841846,1,0.0015594562981262768,-0.0015594562981262768,0.00883691902271557,-100.0,0,0.0
