date,match,league,market,odds,stake,prediction,actual_result,bet_won,profit_loss,bankroll_before,bankroll_after,edge,confidence,expected_value
2024-08-01,Eintracht Frankfurt vs VfB Stuttgart,Bundesliga,Draw,3.27,30.0,Draw,Home Win,False,-30.0,300.0,270.0,0.6941895533750692,0.999999950928586,68.09999518609428
2024-08-01,Borussia Monchengladbach vs Wolfsburg,Bundesliga,Draw,3.23,30.0,Draw,Home Win,False,-30.0,300.0,270.0,0.6903368706192161,0.9999343938390304,66.89364276300205
2024-08-02,RB Leipzig vs Bayer Leverkusen,Bundesliga,Draw,3.24,24.0,Draw,Away Win,False,-24.0,240.0,216.0,0.6913579814281787,0.9999999567368206,53.759996635855174
2024-08-02,Real Madrid vs Barcelona,La Liga,Home Win,3.48,24.0,Home Win,Away Win,False,-24.0,240.0,216.0,0.35746347641020937,0.6448197982492898,29.855349549780684
2024-08-03,Juventus vs AC Milan,Serie A,Away Win,4.47,19.200000000000003,Away Win,Away Win,True,66.62400000000001,192.0,258.624,0.7762861773117908,0.9999998238442294,66.62398488160714
2024-08-03,Borussia Monchengladbach vs Wolfsburg,Bundesliga,Home Win,3.13,19.200000000000003,Home Win,Home Win,True,40.896,192.0,232.89600000000002,0.2844532215884868,0.6039420394798606,17.0945008045817
2024-08-04,AS Roma vs Lazio,Serie A,Away Win,2.48,29.951999999999998,Away Win,Draw,False,-29.951999999999998,299.52,269.568,0.5967741187616169,0.9999999252132299,44.328954444766914
2024-08-04,AS Roma vs Lazio,Serie A,Over 2.5 Goals,1.8,29.951999999999998,Over 2.5 Goals,Draw,True,23.9616,299.52,323.48159999999996,0.39016393442622954,0.7,13.178880000000003
2024-08-05,Seattle Sounders vs Portland Timbers,MLS,Draw,3.32,29.352959999999996,Draw,Home Win,False,-29.352959999999996,293.52959999999996,264.17663999999996,0.6987951383269044,0.9999999576040128,68.09886306843357
2024-08-05,Villarreal vs Athletic Bilbao,La Liga,Home Win,3.63,29.352959999999996,Home Win,Home Win,True,77.19828479999998,293.52959999999996,370.72788479999997,0.3460054691983613,0.6214875628622731,36.867313450693445
2024-08-06,Cruz Azul vs Pumas,Liga MX,Draw,3.34,34.13749247999999,Draw,Home Win,False,-34.13749247999999,341.3749247999999,307.2374323199999,0.7005986777379244,0.9999998753427148,79.88171818987294
2024-08-06,Cruz Azul vs Pumas,Liga MX,Under 2.5 Goals,2.0,34.13749247999999,Under 2.5 Goals,Home Win,False,-34.13749247999999,341.3749247999999,307.2374323199999,0.3055900310964065,0.7,21.208977933396717
2024-08-07,Real Madrid vs Barcelona,La Liga,Away Win,4.24,27.309993983999995,Away Win,Draw,False,-27.309993983999995,273.09993983999993,245.78994585599995,0.7641507597328482,0.9999998163366217,88.48435924097397
2024-08-07,Juventus vs AC Milan,Serie A,Away Win,3.33,27.309993983999995,Away Win,Draw,False,-27.309993983999995,273.09993983999993,245.78994585599995,0.6996995143461782,0.9999998146464785,63.63226912624814
2024-08-08,Eintracht Frankfurt vs VfB Stuttgart,Bundesliga,Away Win,3.38,21.8479951872,Away Win,Draw,False,-21.8479951872,218.47995187199996,196.63195668479995,0.7041418473672401,0.9999998355329205,51.998216400263246
2024-08-08,LA Galaxy vs LAFC,MLS,Draw,3.29,21.8479951872,Draw,Home Win,False,-21.8479951872,218.47995187199996,196.63195668479995,0.6960485537409946,0.9999999215221497,50.03190333770763
2024-08-09,Seattle Sounders vs Portland Timbers,MLS,Away Win,3.64,17.47839614976,Away Win,Home Win,False,-17.47839614976,174.78396149759996,157.30556534783997,0.7252745427524696,0.9999998174777442,46.14295422305189
2024-08-09,Bayern Munich vs Borussia Dortmund,Bundesliga,Draw,3.3,17.47839614976,Draw,Home Win,False,-17.47839614976,174.78396149759996,157.30556534783997,0.6969696407646406,0.9999999437949436,40.200307902613
2024-08-10,Bayern Munich vs Borussia Dortmund,Bundesliga,Home Win,2.39,13.982716919807997,Home Win,Home Win,True,19.435976518533117,139.82716919807996,159.26314571661308,0.1878964844359815,0.6063065262769857,6.2792550115080985
2024-08-10,Seattle Sounders vs Portland Timbers,MLS,Over 2.5 Goals,1.8,13.982716919807997,Over 2.5 Goals,Draw,False,-13.982716919807997,139.82716919807996,125.84445227827196,0.3327102803738318,0.7,6.152395444715522
2024-08-11,Bologna vs Torino,Serie A,Away Win,4.38,14.528042879680507,Away Win,Draw,False,-14.528042879680507,145.28042879680507,130.75238591712457,0.7716893022839802,0.9999998045670853,49.104772497371094
2024-08-11,Cruz Azul vs Pumas,Liga MX,Draw,3.32,14.528042879680507,Draw,Draw,True,33.70505948085877,145.28042879680507,178.98548827766385,0.698795119537136,0.9999999388142444,33.70505652967996
2024-08-12,Seattle Sounders vs Portland Timbers,MLS,Away Win,3.85,16.445744539798337,Away Win,Away Win,True,46.870371938425265,164.45744539798335,211.3278173364086,0.7402595316289168,0.9999997913691765,46.870358728731745
2024-08-12,LA Galaxy vs LAFC,MLS,Draw,3.34,16.445744539798337,Draw,Home Win,False,-16.445744539798337,164.45744539798335,148.011700858185,0.7005987549823468,0.9999999525871373,38.48303961879708
2024-08-13,Bayern Munich vs Borussia Dortmund,Bundesliga,Away Win,3.66,19.48820727966103,Away Win,Home Win,False,-19.48820727966103,194.8820727966103,175.39386551694926,0.7267757564321594,0.9999998001480064,51.83861710908744
2024-08-13,Real Sociedad vs Getafe,La Liga,Draw,3.37,19.48820727966103,Draw,Away Win,False,-19.48820727966103,194.8820727966103,175.39386551694926,0.703263983131555,0.9999998881760653,46.18704390873082
2024-08-14,Bologna vs Torino,Serie A,Away Win,4.5,15.590565823728824,Away Win,Home Win,False,-15.590565823728824,155.90565823728824,140.3150924135594,0.7777775640616178,0.99999978628384,54.56696538924951
2024-08-14,RB Leipzig vs Bayer Leverkusen,Bundesliga,Draw,3.29,15.590565823728824,Draw,Away Win,False,-15.590565823728824,155.90565823728824,140.3150924135594,0.6960485834121719,0.999999951193327,35.70239323290021
2024-08-15,Sevilla vs Real Betis,La Liga,Away Win,3.03,12.472452658983059,Away Win,Away Win,True,25.319078897735608,124.72452658983059,150.0436054875662,0.669966799495233,0.999999802795563,25.319071445077903
2024-08-15,Sevilla vs Real Betis,La Liga,Over 2.5 Goals,1.8,12.472452658983059,Over 2.5 Goals,Away Win,True,9.977962127186448,124.72452658983059,134.70248871701705,0.2680851063829788,0.7,5.4878791699525475
2024-08-16,Liverpool vs Chelsea,Premier League,Away Win,3.1,16.002156761475266,Away Win,Away Win,True,33.60452919909806,160.02156761475266,193.62609681385072,0.2974193548387097,0.62,14.753988534080195
2024-08-16,Real Madrid vs Barcelona,La Liga,Over 2.5 Goals,1.8,16.002156761475266,Over 2.5 Goals,Home Win,True,12.801725409180214,160.02156761475266,172.82329302393288,0.17888198757763984,0.7,7.04094897504912
2024-08-17,Atletico Madrid vs Valencia,La Liga,Draw,3.37,20.642782222303097,Draw,Home Win,False,-20.642782222303097,206.42782222303094,185.78504000072786,0.7032640444049487,0.999999949449459,48.92339035025051
2024-08-17,Osasuna vs Celta Vigo,La Liga,Home Win,4.38,20.642782222303097,Home Win,Home Win,True,69.77260391138446,206.42782222303094,276.2004261344154,0.4128418776477154,0.6411523799308204,37.32725777967478
2024-08-18,Inter Miami vs New York City FC,MLS,Draw,3.27,25.555764391211234,Draw,Away Win,False,-25.555764391211234,255.55764391211233,230.0018795209011,0.6941895667440334,0.9999999642975502,58.0115821844904
2024-08-18,Inter Miami vs New York City FC,MLS,Under 2.5 Goals,2.0,25.555764391211234,Under 2.5 Goals,Away Win,False,-25.555764391211234,255.55764391211233,230.0018795209011,0.47835192540225724,0.7,17.41220366081724
2024-08-19,Monterrey vs Tigres,Liga MX,Draw,3.35,20.44461151296899,Draw,Away Win,False,-20.44461151296899,204.44611512968987,184.00150361672087,0.7014922614728009,0.999999724159368,48.04481816330435
2024-08-19,Monterrey vs Tigres,Liga MX,Under 2.5 Goals,2.0,20.44461151296899,Under 2.5 Goals,Away Win,False,-20.44461151296899,204.44611512968987,184.00150361672087,0.2326056297481497,0.7,12.70184099122595
2024-08-20,Tottenham vs Manchester United,Premier League,Over 2.5 Goals,1.8,16.35568921037519,Over 2.5 Goals,Away Win,False,-16.35568921037519,163.5568921037519,147.20120289337672,0.17888198757763984,0.7,7.196503252565085
2024-08-20,Borussia Monchengladbach vs Wolfsburg,Bundesliga,Over 2.5 Goals,1.8,16.35568921037519,Over 2.5 Goals,Draw,True,13.084551368300152,163.5568921037519,176.64144347205203,0.13333333333333341,0.7,7.196503252565085
2024-08-21,Atletico Madrid vs Valencia,La Liga,Home Win,2.38,16.028575426167688,Home Win,Home Win,True,22.119434088111408,160.28575426167686,182.40518834978826,0.21642361948314298,0.6365916867100337,8.256130295157657
2024-08-21,Newcastle vs Brighton,Premier League,Over 2.5 Goals,1.8,16.028575426167688,Over 2.5 Goals,Draw,False,-16.028575426167688,160.28575426167686,144.25717883550917,0.3454545454545455,0.7,7.052573187513785
2024-08-22,Real Sociedad vs Getafe,La Liga,Away Win,4.25,16.637661292362058,Away Win,Draw,False,-16.637661292362058,166.37661292362057,149.73895163125852,0.7647057076220638,0.9999998252691226,54.072386844945775
2024-08-22,Borussia Monchengladbach vs Wolfsburg,Bundesliga,Away Win,3.84,16.637661292362058,Away Win,Draw,False,-16.637661292362058,166.37661292362057,149.73895163125852,0.7395831157418908,0.9999997824085576,47.250944168691404
2024-08-23,Monterrey vs Tigres,Liga MX,Home Win,3.27,13.310129033889647,Home Win,Draw,False,-13.310129033889647,133.10129033889646,119.79116130500681,0.325069407933103,0.6308798054866198,14.148360550110258
2024-08-23,Seattle Sounders vs Portland Timbers,MLS,Over 2.5 Goals,1.8,13.310129033889647,Over 2.5 Goals,Away Win,True,10.648103227111719,133.10129033889646,143.74939356600817,0.5015695067264574,0.7,9.45019161406165
2024-08-24,Club America vs Chivas,Liga MX,Draw,3.39,13.043926453211853,Draw,Draw,True,31.17498422317633,130.43926453211853,161.61424875529485,0.7050147050785043,0.9999999558159673,31.174982269406538
2024-08-24,Monterrey vs Tigres,Liga MX,Over 2.5 Goals,1.8,13.043926453211853,Over 2.5 Goals,Home Win,False,-13.043926453211853,130.43926453211853,117.39533807890668,0.5189655172413792,0.7,9.261187781780414
2024-08-25,RB Leipzig vs Bayer Leverkusen,Bundesliga,Draw,3.31,14.857032230208302,Draw,Away Win,False,-14.857032230208302,148.570322302083,133.71329007187472,0.6978851436167468,0.9999999472421245,34.31974185731892
2024-08-25,RB Leipzig vs Bayer Leverkusen,Bundesliga,Under 2.5 Goals,2.0,14.857032230208302,Under 2.5 Goals,Away Win,True,14.857032230208302,148.570322302083,163.4273545322913,0.38120459415394015,0.7,9.61792178601653
2024-08-26,AS Roma vs Lazio,Serie A,Over 2.5 Goals,1.8,14.857032230208302,Over 2.5 Goals,Draw,False,-14.857032230208302,148.570322302083,133.71329007187472,0.34581925614031883,0.7,9.849277694875896
2024-08-26,Seattle Sounders vs Portland Timbers,MLS,Home Win,1.63,14.857032230208302,Home Win,Home Win,True,9.359930305031229,148.570322302083,157.93025260711426,0.38650301108878804,0.9999999436041255,9.359928939294448
2024-08-27,Inter Miami vs New York City FC,MLS,Away Win,3.68,14.307322037690595,Away Win,Home Win,False,-14.307322037690595,143.07322037690594,128.76589833921534,0.7282606870429617,0.9999998174777442,38.343613451041534
2024-08-27,Tottenham vs Manchester United,Premier League,Over 2.5 Goals,1.8,14.307322037690595,Over 2.5 Goals,Home Win,True,11.445857630152476,143.07322037690594,154.51907800705843,0.3365030674846625,0.7,10.15819864676032
2024-08-28,AS Roma vs Lazio,Serie A,Draw,3.29,14.021175596936784,Draw,Away Win,False,-14.021175596936784,140.21175596936783,126.19058037243104,0.6960485768068045,0.9999999445879595,32.108489560846216
2024-08-28,Bayern Munich vs Borussia Dortmund,Bundesliga,Away Win,2.75,14.021175596936784,Away Win,Draw,False,-14.021175596936784,140.21175596936783,126.19058037243104,0.6363635616592637,0.9999999252956273,24.537054414170772
2024-08-29,Inter Miami vs New York City FC,MLS,Away Win,4.19,11.216940477549427,Away Win,Home Win,False,-11.216940477549427,112.16940477549426,100.95246429794483,0.7613363356110835,0.999999820097957,35.78203166817005
2024-08-29,AS Roma vs Lazio,Serie A,Draw,3.38,11.216940477549427,Draw,Away Win,False,-11.216940477549427,112.16940477549426,100.95246429794483,0.7041419782719269,0.9999999664376074,26.696317064107955
2024-08-30,Club America vs Chivas,Liga MX,Draw,3.3,8.973552382039541,Draw,Away Win,False,-8.973552382039541,89.7355238203954,80.76197143835586,0.696969591907546,0.9999998949378491,20.639167367514585
2024-08-30,Aston Villa vs West Ham,Premier League,Over 2.5 Goals,1.8,8.973552382039541,Over 2.5 Goals,Home Win,True,7.178841905631633,89.7355238203954,96.91436572602703,0.46923076923076923,0.7,6.371222191248074
2024-08-31,Bologna vs Torino,Serie A,Away Win,2.8,8.794081334398749,Away Win,Away Win,True,15.829346401917746,87.94081334398749,103.77015974590523,0.642856956830689,0.9999998139735462,15.829341821308804
2024-08-31,Seattle Sounders vs Portland Timbers,MLS,Home Win,2.86,8.794081334398749,Home Win,Draw,False,-8.794081334398749,87.94081334398749,79.14673200958873,0.2811526147739991,0.6308029644243488,7.071289830466082
2024-09-01,Monterrey vs Tigres,Liga MX,Away Win,4.21,9.497607841150648,Away Win,Away Win,True,30.48732117009358,94.97607841150648,125.46339958160006,0.762470091239461,0.9999997824508624,30.487312471406756
2024-09-01,Villarreal vs Athletic Bilbao,La Liga,Draw,3.39,9.497607841150648,Draw,Home Win,False,-9.497607841150648,94.97607841150648,85.47847057035582,0.7050146924636762,0.9999999432011394,22.69928091160335
2024-09-02,Sevilla vs Real Betis,La Liga,Draw,3.34,11.596579174044942,Draw,Away Win,False,-11.596579174044942,115.96579174044942,104.36921256640447,0.7005987357366478,0.9999999333414382,27.135992685407455
2024-09-02,Monterrey vs Tigres,Liga MX,Home Win,3.24,11.596579174044942,Home Win,Away Win,False,-11.596579174044942,115.96579174044942,104.36921256640447,0.30412300501210493,0.6127649803207469,11.426788280319148
2024-09-03,AS Roma vs Lazio,Serie A,Home Win,4.41,9.277263339235954,Home Win,Away Win,False,-9.277263339235954,92.77263339235954,83.49537005312358,0.414395010316308,0.6411523799308204,16.95403171991877
2024-09-03,AS Roma vs Lazio,Serie A,Over 2.5 Goals,1.8,9.277263339235954,Over 2.5 Goals,Away Win,True,7.421810671388764,92.77263339235954,100.1944440637483,0.36331877729257644,0.7,4.081995869263821
2024-09-04,Seattle Sounders vs Portland Timbers,MLS,Away Win,4.11,9.091718072451235,Away Win,Away Win,True,28.275243205323342,90.91718072451235,119.19242392983568,0.7566907799754676,0.9999997824085576,28.275235074592338
2024-09-04,Real Madrid vs Barcelona,La Liga,Away Win,4.02,9.091718072451235,Away Win,Draw,False,-9.091718072451235,90.91718072451235,81.82546265206112,0.751243586618092,0.9999998055235647,27.45698147094054
2024-09-05,Atalanta vs Fiorentina,Serie A,Away Win,4.11,11.010070585738447,Away Win,Away Win,True,34.241319521646574,110.10070585738445,144.34202537903104,0.7566908146340092,0.9999998170670993,34.241311243678524
2024-09-05,RB Leipzig vs Bayer Leverkusen,Bundesliga,Away Win,3.15,11.010070585738447,Away Win,Away Win,True,23.67165175933766,110.10070585738445,133.7723576167221,0.6825396075653104,0.9999999250256278,23.671649159097303
2024-09-06,Atalanta vs Fiorentina,Serie A,Away Win,4.08,16.801367713836868,Away Win,Home Win,False,-16.801367713836868,168.01367713836868,151.2123094245318,0.7549017217471584,0.9999997609628447,51.74819617272089
2024-09-06,Monterrey vs Tigres,Liga MX,Away Win,3.79,16.801367713836868,Away Win,Home Win,False,-16.801367713836868,168.01367713836868,151.2123094245318,0.7361475491374585,0.9999997918815218,46.87580266920631
2024-09-07,Atletico Madrid vs Valencia,La Liga,Away Win,3.95,13.441094171069494,Away Win,Home Win,False,-13.441094171069494,134.41094171069494,120.96984753962545,0.7468352360990806,0.999999793061106,39.651216817788615
2024-09-07,Club America vs Chivas,Liga MX,Draw,3.28,13.441094171069494,Draw,Home Win,False,-13.441094171069494,134.41094171069494,120.96984753962545,0.6951219021480981,0.999999950928586,30.645692546637374
2024-09-08,LA Galaxy vs LAFC,MLS,Away Win,2.87,10.752875336855595,Away Win,Draw,False,-10.752875336855595,107.52875336855595,96.77587803170036,0.6515678602860053,0.9999999160351343,20.107874288701048
2024-09-08,Villarreal vs Athletic Bilbao,La Liga,Away Win,2.74,10.752875336855595,Away Win,Away Win,True,18.710003086128737,107.52875336855595,126.23875645468469,0.635036409710291,0.999999913359926,18.710000533462768
2024-09-09,Borussia Monchengladbach vs Wolfsburg,Bundesliga,Away Win,3.71,11.54858811178291,Away Win,Draw,False,-11.54858811178291,115.4858811178291,103.93729300604619,0.7304580325607064,0.9999998115364477,31.29666570816143
2024-09-09,Real Madrid vs Barcelona,La Liga,Draw,3.33,11.54858811178291,Draw,Draw,True,26.908210300454183,115.4858811178291,142.39409141828327,0.699699632355451,0.9999999326557513,26.908207710609986
2024-09-10,Borussia Monchengladbach vs Wolfsburg,Bundesliga,Over 2.5 Goals,1.8,13.084550330650039,Over 2.5 Goals,Home Win,True,10.467640264520032,130.84550330650038,141.31314357102042,0.39514170040485835,0.7,5.757202145486019
2024-09-10,RB Leipzig vs Bayer Leverkusen,Bundesliga,Over 2.5 Goals,1.8,13.084550330650039,Over 2.5 Goals,Home Win,True,10.467640264520032,130.84550330650038,141.31314357102042,0.12432432432432439,0.7,5.757202145486019
2024-09-11,RB Leipzig vs Bayer Leverkusen,Bundesliga,Away Win,3.86,15.178078383554045,Away Win,Away Win,True,43.40930417696457,151.78078383554043,195.190088012505,0.7409324636020913,0.9999998211150447,43.40929369656326
2024-09-11,Liverpool vs Chelsea,Premier League,Over 2.5 Goals,1.8,15.178078383554045,Over 2.5 Goals,Draw,False,-15.178078383554045,151.78078383554043,136.6027054519864,0.391340782122905,0.7,10.776435652323372
2024-09-12,Villarreal vs Athletic Bilbao,La Liga,Away Win,3.9,18.001200962895094,Away Win,Home Win,False,-18.001200962895094,180.01200962895095,162.01080866605585,0.7435895491133082,0.9999998055235647,52.20346913923914
2024-09-12,Bayern Munich vs Borussia Dortmund,Bundesliga,Away Win,2.8,18.001200962895094,Away Win,Home Win,False,-18.001200962895094,180.01200962895095,162.01080866605585,0.6428569253796348,0.999999782522492,32.40215077161345
2024-09-13,RB Leipzig vs Bayer Leverkusen,Bundesliga,Draw,3.36,14.400960770316075,Draw,Draw,True,33.98626741794594,144.00960770316075,177.99587512110668,0.702380917901311,0.9999999655203585,33.986265749571665
2024-09-13,Monterrey vs Tigres,Liga MX,Away Win,2.94,14.400960770316075,Away Win,Home Win,False,-14.400960770316075,144.00960770316075,129.6086469328447,0.6598637483739043,0.9999998027956729,27.93785554501376
2024-09-14,Bologna vs Torino,Serie A,Draw,3.28,16.35949143507906,Draw,Away Win,False,-16.35949143507906,163.59491435079062,147.23542291571155,0.6951218844974039,0.9999999332778917,37.29963689172985
2024-09-14,Manchester City vs Arsenal,Premier League,Away Win,3.36,16.35949143507906,Away Win,Home Win,False,-16.35949143507906,163.59491435079062,147.23542291571155,0.3223809523809524,0.62,17.72060112247764
2024-09-15,Atletico Madrid vs Valencia,La Liga,Draw,3.26,13.087593148063249,Draw,Home Win,False,-13.087593148063249,130.8759314806325,117.78833833256924,0.6932514902600196,0.9999999565176884,29.57795865942604
2024-09-15,Eintracht Frankfurt vs VfB Stuttgart,Bundesliga,Draw,3.26,13.087593148063249,Draw,Draw,True,29.57796051462294,130.8759314806325,160.45389199525542,0.6932514881861286,0.9999999544437973,29.57795857094233
2024-09-16,Cruz Azul vs Pumas,Liga MX,Away Win,4.43,14.73662988471922,Away Win,Away Win,True,50.54664050458692,147.36629884719218,197.9129393517791,0.7742661570270519,0.9999997913385643,50.54662688248599
2024-09-16,Atletico Madrid vs Valencia,La Liga,Away Win,3.78,14.73662988471922,Away Win,Draw,False,-14.73662988471922,147.36629884719218,132.62966896247298,0.735449581081433,0.9999998456316975,40.96782248051635
2024-09-17,Villarreal vs Athletic Bilbao,La Liga,Away Win,3.83,18.317630946705986,Away Win,Away Win,True,51.838895579177944,183.17630946705987,235.0152050462378,0.73890319882296,0.9999998045670853,51.83888186828348
2024-09-17,AS Roma vs Lazio,Serie A,Away Win,3.52,18.317630946705986,Away Win,Draw,False,-18.317630946705986,183.17630946705987,164.8586785203539,0.7159089123863038,0.9999998214772129,46.160418474895934
2024-09-18,Inter Milan vs Napoli,Serie A,Over 2.5 Goals,1.8,21.669757409953185,Over 2.5 Goals,Home Win,True,17.33580592796255,216.69757409953183,234.0333800274944,0.2791666666666667,0.7,9.534693260379406
2024-09-18,Inter Miami vs New York City FC,MLS,Over 2.5 Goals,1.8,21.669757409953185,Over 2.5 Goals,Draw,False,-21.669757409953185,216.69757409953183,195.02781668957866,0.3169082125603865,0.7,9.534693260379406
2024-09-19,Sevilla vs Real Betis,La Liga,Away Win,3.71,21.236362261754124,Away Win,Away Win,True,57.550541729353675,212.3636226175412,269.9141643468949,0.7304580481190843,0.9999998270948255,57.55052810669029
2024-09-19,Sevilla vs Real Betis,La Liga,Over 2.5 Goals,1.8,21.236362261754124,Over 2.5 Goals,Away Win,True,16.9890898094033,212.3636226175412,229.35271242694452,0.2680851063829788,0.7,9.343999395171817
2024-09-20,Inter Milan vs Napoli,Serie A,Draw,3.39,28.69032541562982,Draw,Home Win,False,-28.69032541562982,286.9032541562982,258.21292874066836,0.705014689268979,0.9999999400064421,68.56987190836965
2024-09-20,Inter Milan vs Napoli,Serie A,Under 2.5 Goals,2.0,28.69032541562982,Under 2.5 Goals,Home Win,False,-28.69032541562982,286.9032541562982,258.21292874066836,0.4716829834549448,0.7,23.108190312450205
2024-09-21,Atalanta vs Fiorentina,Serie A,Away Win,4.38,22.952260332503858,Away Win,Home Win,False,-22.952260332503858,229.52260332503857,206.5703429925347,0.7716893032125465,0.9999998054956515,77.57862037016578
2024-09-21,Seattle Sounders vs Portland Timbers,MLS,Away Win,3.86,22.952260332503858,Away Win,Draw,False,-22.952260332503858,229.52260332503857,206.5703429925347,0.740932467995397,0.9999998255083504,65.64344909174685
2024-09-22,Bayern Munich vs Borussia Dortmund,Bundesliga,Draw,3.28,18.361808266003088,Draw,Home Win,False,-18.361808266003088,183.61808266003086,165.25627439402777,0.6951219073572554,0.9999999561377432,41.86492020480669
2024-09-22,Borussia Monchengladbach vs Wolfsburg,Bundesliga,Away Win,3.12,18.361808266003088,Away Win,Draw,False,-18.361808266003088,183.61808266003086,165.25627439402777,0.6794871044007907,0.9999999249136112,38.927029222314296
2024-09-23,Eintracht Frankfurt vs VfB Stuttgart,Bundesliga,Home Win,2.58,14.68944661280247,Home Win,Away Win,False,-14.68944661280247,146.8944661280247,132.20501951522223,0.24907140841999093,0.6366683076447971,9.43950058444332
2024-09-23,Eintracht Frankfurt vs VfB Stuttgart,Bundesliga,Over 2.5 Goals,1.8,14.68944661280247,Over 2.5 Goals,Away Win,False,-14.68944661280247,146.8944661280247,132.20501951522223,0.10555555555555562,0.7,6.463356509633087
2024-09-24,Monterrey vs Tigres,Liga MX,Away Win,4.25,11.751557290241976,Away Win,Draw,False,-11.751557290241976,117.51557290241976,105.76401561217779,0.7647056451561569,0.9999997628032157,38.19254934670212
2024-09-24,Atalanta vs Fiorentina,Serie A,Draw,3.27,11.751557290241976,Draw,Home Win,False,-11.751557290241976,117.51557290241976,105.76401561217779,0.6941895588363429,0.9999999563898597,26.676033373016594
2024-09-25,RB Leipzig vs Bayer Leverkusen,Bundesliga,Away Win,3.34,9.401245832193581,Away Win,Draw,False,-9.401245832193581,94.01245832193581,84.61121248974223,0.7005987209621028,0.9999999185668933,21.99891269032031
2024-09-25,Eintracht Frankfurt vs VfB Stuttgart,Bundesliga,Over 2.5 Goals,1.8,9.401245832193581,Over 2.5 Goals,Away Win,True,7.520996665754865,94.01245832193581,101.53345498769067,0.24751381215469614,0.7,4.136548166165177
2024-09-26,Real Sociedad vs Getafe,La Liga,Away Win,3.91,9.21322091554971,Away Win,Home Win,False,-9.21322091554971,92.1322091554971,82.91898823994738,0.7442453443946322,0.999999820097957,26.810466383513546
2024-09-26,Bayern Munich vs Borussia Dortmund,Bundesliga,Away Win,3.18,9.21322091554971,Away Win,Draw,False,-9.21322091554971,92.1322091554971,82.91898823994738,0.6855343706258372,0.9999997794308686,20.08481513365458
2024-09-27,Seattle Sounders vs Portland Timbers,MLS,Draw,3.3,7.370576732439767,Draw,Away Win,False,-7.370576732439767,73.70576732439767,66.3351905919579,0.6969696468485373,0.9999999498788404,16.952325265519352
2024-09-27,LA Galaxy vs LAFC,MLS,Away Win,2.68,7.370576732439767,Away Win,Home Win,False,-7.370576732439767,73.70576732439767,66.3351905919579,0.6268656047339396,0.9999999330921485,12.382567588858274
2024-09-28,RB Leipzig vs Bayer Leverkusen,Bundesliga,Away Win,4.18,5.896461385951814,Away Win,Home Win,False,-5.896461385951814,58.96461385951814,53.06815247356632,0.760765375508357,0.9999998252691226,18.750742900698384
2024-09-28,Cruz Azul vs Pumas,Liga MX,Away Win,3.45,5.896461385951814,Away Win,Draw,False,-5.896461385951814,58.96461385951814,53.06815247356632,0.7101447617865384,0.9999998342503066,14.446327023770445
2024-09-29,Aston Villa vs West Ham,Premier League,Over 2.5 Goals,1.8,5.0,Over 2.5 Goals,Draw,True,4.0,47.17169108761451,51.17169108761451,0.2535519125683061,0.7,2.2
2024-09-29,Sevilla vs Real Betis,La Liga,Over 2.5 Goals,1.8,5.0,Over 2.5 Goals,Away Win,False,-5.0,47.17169108761451,42.17169108761451,0.1865030674846626,0.7,2.2
2024-09-30,Bologna vs Torino,Serie A,Away Win,4.3,5.0,Away Win,Home Win,False,-5.0,46.17169108761451,41.17169108761451,0.767441665988681,0.9999998055235647,16.49999581875664
2024-09-30,Bologna vs Torino,Serie A,Draw,3.3,5.0,Draw,Draw,True,11.5,46.17169108761451,57.67169108761451,0.6969696465863646,0.9999999496166677,11.499999168675018
2024-10-01,Bologna vs Torino,Serie A,Away Win,4.43,5.267169108761451,Away Win,Home Win,False,-5.267169108761451,52.67169108761451,47.40452197885306,0.7742661909576101,0.9999998252691226,18.066385965958514
2024-10-01,Monterrey vs Tigres,Liga MX,Draw,3.35,5.267169108761451,Draw,Home Win,False,-5.267169108761451,52.67169108761451,47.40452197885306,0.7014924882420188,0.999999950928586,12.377846539723501
2024-10-02,Monterrey vs Tigres,Liga MX,Away Win,4.42,5.0,Away Win,Draw,False,-5.0,42.13735287009161,37.13735287009161,0.7737554606756826,0.9999998045670853,17.099995680932583
2024-10-02,Eintracht Frankfurt vs VfB Stuttgart,Bundesliga,Away Win,4.33,5.0,Away Win,Home Win,False,-5.0,42.13735287009161,37.13735287009161,0.769052938161134,0.999999820378224,16.64999611118855
2024-10-03,Seattle Sounders vs Portland Timbers,MLS,Draw,3.34,4.820602930513742,Draw,Away Win,False,-4.820602930513742,32.13735287009161,27.316749939577868,0.7005987707462917,0.9999999683510822,11.280210347828822
2024-10-04,Bayern Munich vs Borussia Dortmund,Bundesliga,Home Win,2.54,4.09751249093668,Home Win,Away Win,False,-4.09751249093668,27.316749939577868,23.219237448641188,0.24292973262344408,0.6366305200250189,2.5283353391649537
2024-10-05,Borussia Monchengladbach vs Wolfsburg,Bundesliga,Home Win,3.07,3.482885617296178,Home Win,Home Win,True,7.209573227803088,23.219237448641188,30.428810676444275,0.32648935729033535,0.6522222563131367,3.4909740161898206
2024-10-06,Sevilla vs Real Betis,La Liga,Away Win,3.69,4.5643216014666415,Away Win,Draw,False,-4.5643216014666415,30.428810676444275,25.864489074977634,0.7289971242191864,0.9999998342462867,12.278022316263757
2024-10-07,Cruz Azul vs Pumas,Liga MX,Draw,3.37,3.879673361246645,Draw,Home Win,False,-3.879673361246645,25.864489074977634,21.98481571373099,0.7032640493984899,0.9999999544430002,9.19482527051959
2024-10-08,Monterrey vs Tigres,Liga MX,Draw,3.37,3.2977223570596483,Draw,Draw,True,7.815601986231367,21.98481571373099,29.800417699962356,0.7032640408011044,0.9999999458456148,7.815601384396119
2024-10-09,RB Leipzig vs Bayer Leverkusen,Bundesliga,Home Win,2.63,4.470062654994353,Home Win,Away Win,False,-4.470062654994353,29.800417699962356,25.330355044968,0.23271502533116062,0.6129431622132899,2.73585945669077
2024-10-10,Seattle Sounders vs Portland Timbers,MLS,Draw,3.38,3.7995532567452,Draw,Home Win,False,-3.7995532567452,25.330355044968,21.530801788222803,0.7041419612837785,0.999999949449459,9.042936101858757
2024-10-11,Crystal Palace vs Fulham,Premier League,Over 2.5 Goals,1.8,3.2296202682334205,Over 2.5 Goals,Home Win,True,2.5836962145867366,21.530801788222803,24.11449800280954,0.38746000100293043,0.7,2.2704701815947628
2024-10-12,Sevilla vs Real Betis,La Liga,Away Win,3.22,3.617174700421431,Away Win,Draw,False,-3.617174700421431,24.11449800280954,20.49732330238811,0.6894408281583018,0.9999998343694819,8.030125905786823
2024-10-13,Real Madrid vs Barcelona,La Liga,Over 2.5 Goals,1.8,3.0745984953582166,Over 2.5 Goals,Away Win,False,-3.0745984953582166,20.49732330238811,17.422724807029894,0.18271604938271613,0.7,1.3528233379576156
2024-10-14,Inter Miami vs New York City FC,MLS,Away Win,3.37,2.613408721054484,Away Win,Home Win,False,-2.613408721054484,17.422724807029894,14.80931608597541,0.7032640119790241,0.9999999170235345,6.193777938109847
2024-10-15,Borussia Monchengladbach vs Wolfsburg,Bundesliga,Away Win,3.78,2.2213974128963114,Away Win,Away Win,True,6.1754848078517455,14.80931608597541,20.984800893827156,0.7354495312333176,0.9999997957835822,6.175483093070538
2024-10-16,Bayern Munich vs Borussia Dortmund,Bundesliga,Draw,3.29,3.1477201340740733,Draw,Away Win,False,-3.1477201340740733,20.984800893827156,17.837080759753082,0.6960485847010376,0.9999999524821925,7.208278614935249
2024-10-17,Atalanta vs Fiorentina,Serie A,Home Win,3.26,2.6755621139629624,Home Win,Draw,False,-2.6755621139629624,17.837080759753082,15.16151864579012,0.29719357322219186,0.6039420394798606,2.5922211599866314
2024-10-18,Cruz Azul vs Pumas,Liga MX,Draw,3.25,2.2742277968685176,Draw,Away Win,False,-2.2742277968685176,15.16151864579012,12.887290848921602,0.6923076467514896,0.9999999544437973,5.117012206237321
2024-10-19,Villarreal vs Athletic Bilbao,La Liga,Home Win,3.62,1.9330936273382402,Home Win,Home Win,True,5.064705303626189,12.887290848921602,17.951996152547792,0.3453109237102913,0.6215540176329433,2.4164164127902166
2024-10-20,Villarreal vs Athletic Bilbao,La Liga,Away Win,3.5,2.692799422882169,Away Win,Home Win,False,-2.692799422882169,17.951996152547792,15.259196729665623,0.7142855575437732,0.9999998432580589,6.731997079944293
2024-10-21,Inter Miami vs New York City FC,MLS,Draw,3.26,2.2888795094498433,Draw,Away Win,False,-2.2888795094498433,15.259196729665623,12.97031722021578,0.693251490132191,0.9999999563898597,5.172867365948804
2024-10-22,Eintracht Frankfurt vs VfB Stuttgart,Bundesliga,Draw,3.39,1.9455475830323667,Draw,Away Win,False,-1.9455475830323667,12.97031722021578,11.024769637183413,0.7050146919330966,0.9999999426705597,4.649858345336406
2024-10-23,Villarreal vs Athletic Bilbao,La Liga,Home Win,3.14,1.6537154455775118,Home Win,Away Win,False,-1.6537154455775118,11.024769637183413,9.3710541916059,0.29428852406329103,0.6127598616429089,1.5281421599769751
2024-10-24,Bologna vs Torino,Serie A,Draw,3.33,1.405658128740885,Draw,Home Win,False,-1.405658128740885,9.3710541916059,7.965396062865015,0.6996996390842021,0.9999999393845024,3.275183156234721
2024-10-25,Inter Miami vs New York City FC,MLS,Away Win,3.55,1.1948094094297521,Away Win,Home Win,False,-1.1948094094297521,7.965396062865015,6.770586653435263,0.7183096510364513,0.9999997918815218,3.046763111296066
2024-10-26,Borussia Monchengladbach vs Wolfsburg,Bundesliga,Draw,3.26,1.0155879980152893,Draw,Away Win,False,-1.0155879980152893,6.770586653435263,5.754998655419974,0.6932514988497386,0.9999999651074073,2.295228759991569
2024-10-27,Borussia Monchengladbach vs Wolfsburg,Bundesliga,Away Win,3.29,0.8632497983129961,Away Win,Away Win,True,1.976842038136761,5.754998655419974,7.731840693556735,0.696048557136868,0.999999924918023,1.9768418248970512
2024-10-28,Inter Miami vs New York City FC,MLS,Away Win,4.02,1.1597761040335102,Away Win,Home Win,False,-1.1597761040335102,7.731840693556735,6.572064589523224,0.7512435693272081,0.9999997882326808,3.5025228468584406
2024-10-29,Liverpool vs Chelsea,Premier League,Over 2.5 Goals,1.8,0.9858096884284836,Over 2.5 Goals,Home Win,False,-0.9858096884284836,6.572064589523224,5.58625490109474,0.10069930069930066,0.7,0.43375626290853286
2024-10-30,Sevilla vs Real Betis,La Liga,Away Win,4.44,0.8379382351642111,Away Win,Home Win,False,-0.8379382351642111,5.58625490109474,4.748316665930529,0.7747746002938927,0.9999998255191178,2.8825068798182274
2024-10-31,Atalanta vs Fiorentina,Serie A,Away Win,4.29,0.7122474998895794,Away Win,Draw,False,-0.7122474998895794,4.748316665930529,4.03606916604095,0.7668995698470483,0.9999998029472814,2.343293672533903
2024-11-01,RB Leipzig vs Bayer Leverkusen,Bundesliga,Away Win,3.76,0.6054103749061425,Away Win,Draw,False,-0.6054103749061425,4.03606916604095,3.4306587911348077,0.7340423677792456,0.9999998145877562,1.670932212679088
2024-11-02,Cruz Azul vs Pumas,Liga MX,Away Win,2.89,0.5145988186702212,Away Win,Away Win,True,0.972591767286718,3.4306587911348077,4.403250558421526,0.6539791696697727,0.9999999309154474,0.9725916645448217
2024-11-03,Real Madrid vs Barcelona,La Liga,Away Win,4.38,0.6604875837632288,Away Win,Home Win,False,-0.6604875837632288,4.403250558421526,3.742762974658297,0.771689284000735,0.99999978628384,2.232447414852622
2024-11-04,Cruz Azul vs Pumas,Liga MX,Draw,3.37,0.5614144461987446,Draw,Draw,True,1.3305522374910248,3.742762974658297,5.073315212149322,0.7032640458840755,0.999999950928586,1.3305521446495443
2024-11-05,Osasuna vs Celta Vigo,La Liga,Away Win,2.8,0.7609972818223983,Away Win,Draw,False,-0.7609972818223983,5.073315212149322,4.312317930326924,0.6428570681672945,0.9999999253101517,1.3697949481317566
2024-11-06,LA Galaxy vs LAFC,MLS,Away Win,3.95,0.6468476895490386,Away Win,Draw,False,-0.6468476895490386,4.312317930326924,3.6654702407778856,0.7468352683070973,0.9999998252691226,1.9082002377238196
2024-11-07,Bayern Munich vs Borussia Dortmund,Bundesliga,Away Win,3.25,0.5498205361166828,Away Win,Draw,False,-0.5498205361166828,3.6654702407778856,3.1156497046612026,0.6923075301683427,0.9999998378606504,1.2370959165330178
2024-11-08,Monterrey vs Tigres,Liga MX,Draw,3.31,0.46734745569918035,Draw,Away Win,False,-0.46734745569918035,3.1156497046612026,2.6483022489620223,0.6978851388877141,0.9999999425130917,1.079572533737454
2024-11-09,Bologna vs Torino,Serie A,Away Win,4.11,0.39724533734430334,Away Win,Home Win,False,-0.39724533734430334,2.6483022489620223,2.251056911617719,0.756690818659727,0.9999998210928169,1.2354327070429014
2024-11-10,Bayern Munich vs Borussia Dortmund,Bundesliga,Draw,3.33,0.33765853674265783,Draw,Draw,True,0.7867443906103928,2.251056911617719,3.037801302228112,0.6996996324733051,0.9999999327736054,0.786744315020838
2024-11-11,Inter Miami vs New York City FC,MLS,Away Win,4.25,0.45567019533421677,Away Win,Draw,False,-0.45567019533421677,3.037801302228112,2.582131106893895,0.7647056869200264,0.9999998045670853,1.4809277563611483
2024-11-12,Eintracht Frankfurt vs VfB Stuttgart,Bundesliga,Draw,3.27,0.38731966603408424,Draw,Draw,True,0.8792156418973712,2.582131106893895,3.461346748791266,0.694189548292098,0.9999999458456148,0.8792155733089303
2024-11-13,Monterrey vs Tigres,Liga MX,Draw,3.37,0.5192020123186899,Draw,Draw,True,1.2305087691952952,3.461346748791266,4.6918555179865615,0.7032640458840755,0.999999950928586,1.2305086833345131
2024-11-14,Inter Miami vs New York City FC,MLS,Draw,3.33,0.7037783276979842,Draw,Draw,True,1.6398035035363032,4.6918555179865615,6.3316590215228645,0.6996996381245294,0.9999999384248297,1.6398033592298527
2024-11-15,AS Roma vs Lazio,Serie A,Draw,3.38,0.9497488532284296,Draw,Home Win,False,-0.9497488532284296,6.3316590215228645,5.381910168294435,0.7041419675984208,0.9999999557641013,2.2604021286797424
2024-11-16,Bologna vs Torino,Serie A,Away Win,3.21,0.8072865252441652,Away Win,Draw,False,-0.8072865252441652,5.381910168294435,4.57462364305027,0.6884733347408885,0.9999998144916673,1.7841027400652139
2024-11-17,Bologna vs Torino,Serie A,Draw,3.32,0.6861935464575405,Draw,Home Win,False,-0.6861935464575405,4.57462364305027,3.8884300965927294,0.6987951330769724,0.9999999523540808,1.5919689192363438
2024-11-18,Villarreal vs Athletic Bilbao,La Liga,Away Win,3.71,0.5832645144889094,Away Win,Home Win,False,-0.5832645144889094,3.8884300965927294,3.30516558210382,0.730458032585011,0.9999998115607522,1.5806464264991178
2024-11-19,Eintracht Frankfurt vs VfB Stuttgart,Bundesliga,Away Win,4.13,0.495774837315573,Away Win,Home Win,False,-0.495774837315573,3.30516558210382,2.809390744788247,0.7578690492866285,0.9999997998919553,1.5517748310665007
2024-11-20,LA Galaxy vs LAFC,MLS,Away Win,3.39,0.42140861171823707,Away Win,Away Win,True,1.0071665820065867,2.809390744788247,3.816557326794834,0.7050145835130353,0.9999998342504984,1.0071663452209603
2024-11-21,AS Roma vs Lazio,Serie A,Home Win,3.48,0.5724835990192251,Home Win,Draw,False,-0.5724835990192251,3.816557326794834,3.244073727775609,0.39086469402979995,0.6782210158688804,0.7786974211516937
2024-11-22,Juventus vs AC Milan,Serie A,Away Win,3.35,0.4866110591663413,Away Win,Draw,False,-0.4866110591663413,3.244073727775609,2.757462668609268,0.7014924617283128,0.99999992441488,1.1435358658260417
2024-11-23,Juventus vs AC Milan,Serie A,Away Win,2.85,0.41361940029139016,Away Win,Away Win,True,0.7651958905390719,2.757462668609268,3.52265855914834,0.6491227323378577,0.9999999253203138,0.7651958025055159
2024-11-24,Eintracht Frankfurt vs VfB Stuttgart,Bundesliga,Home Win,3.01,0.5283987838722509,Home Win,Away Win,False,-0.5283987838722509,3.52265855914834,2.994259775276089,0.2986127599245239,0.6308386735457864,0.47493772377049304
2024-11-25,Villarreal vs Athletic Bilbao,La Liga,Home Win,1.54,0.44913896629141337,Home Win,Home Win,True,0.24253504179736324,2.994259775276089,3.236794817073452,0.35064929420189894,0.9999999435525483,0.24253500275412807
2024-11-26,LA Galaxy vs LAFC,MLS,Home Win,3.87,0.4855192225610178,Home Win,Away Win,False,-0.4855192225610178,3.236794817073452,2.7512755945124345,0.3863870086021345,0.6447849414186719,0.7260054984935984
2024-11-27,Borussia Monchengladbach vs Wolfsburg,Bundesliga,Over 2.5 Goals,1.8,0.4126913391768652,Over 2.5 Goals,Home Win,True,0.3301530713414922,2.7512755945124345,3.0814286658539265,0.2594594594594596,0.7,0.18158418923782074
2024-11-28,Cruz Azul vs Pumas,Liga MX,Away Win,4.39,0.46221429987808893,Away Win,Away Win,True,1.5669064765867213,3.0814286658539265,4.648335142440648,0.7722094031977098,0.9999998359995321,1.5669061438099647
2024-11-29,Inter Miami vs New York City FC,MLS,Draw,3.24,0.6972502713660972,Draw,Away Win,False,-0.6972502713660972,4.648335142440648,3.951084871074551,0.6913579545308122,0.9999999298394542,1.5618404493610085
2024-11-30,Atalanta vs Fiorentina,Serie A,Away Win,3.24,0.5926627306611826,Away Win,Away Win,True,1.327564516681049,3.951084871074551,5.2786493877556,0.6913579432805912,0.9999999185892332,1.3275643603538765
2024-12-01,Borussia Monchengladbach vs Wolfsburg,Bundesliga,Away Win,4.06,0.79179740816334,Away Win,Home Win,False,-0.79179740816334,5.2786493877556,4.4868519795922595,0.753694388042052,0.9999998067612639,2.4228994477757424
2024-12-02,LA Galaxy vs LAFC,MLS,Home Win,3.5,0.6730277969388389,Home Win,Away Win,False,-0.6730277969388389,4.4868519795922595,3.8138241826534207,0.3925067301545947,0.6782210158688804,0.9245877895786496
2024-12-03,LA Galaxy vs LAFC,MLS,Draw,3.38,0.572073627398013,Draw,Home Win,False,-0.572073627398013,3.8138241826534207,3.2417505552554076,0.7041419618012994,0.9999999499669799,1.3615351364629802
2024-12-04,Borussia Monchengladbach vs Wolfsburg,Bundesliga,Away Win,3.45,0.4862625832883111,Away Win,Draw,False,-0.4862625832883111,3.2417505552554076,2.7554879719670966,0.7101447630691524,0.9999998355329205,1.1913430531454174
2024-12-05,Bayern Munich vs Borussia Dortmund,Bundesliga,Over 2.5 Goals,1.8,0.4133231957950645,Over 2.5 Goals,Away Win,False,-0.4133231957950645,2.7554879719670966,2.342164776172032,0.37857142857142856,0.7,0.29345946901449577
2024-12-06,LA Galaxy vs LAFC,MLS,Away Win,3.89,0.35132471642580476,Away Win,Home Win,False,-0.35132471642580476,2.342164776172032,1.990840059746227,0.7429304167679905,0.9999998255083504,1.0153281920010138
2024-12-07,LA Galaxy vs LAFC,MLS,Away Win,4.29,0.29862600896193403,Away Win,Home Win,False,-0.29862600896193403,1.990840059746227,1.692214050784293,0.7668995921688895,0.9999998252691226,0.9824793456360612
2024-12-08,Real Madrid vs Barcelona,La Liga,Draw,3.26,0.25383210761764397,Draw,Away Win,False,-0.25383210761764397,1.692214050784293,1.4383819431666491,0.6932514865638555,0.9999999528215242,0.5736605241760323
2024-12-09,Bologna vs Torino,Serie A,Home Win,3.99,0.21575729147499736,Home Win,Away Win,False,-0.21575729147499736,1.4383819431666491,1.2226246516916517,0.3905240948289215,0.6411506612449616,0.3361910996144924
2024-12-10,Sevilla vs Real Betis,La Liga,Home Win,3.66,0.18339369775374775,Home Win,Away Win,False,-0.18339369775374775,1.2226246516916517,1.0392309539379039,0.37156089770282497,0.6447849414186719,0.24939945271174843
2024-12-11,Bayern Munich vs Borussia Dortmund,Bundesliga,Over 2.5 Goals,1.8,0.1558846430906856,Over 2.5 Goals,Draw,False,-0.1558846430906856,1.0392309539379039,0.8833463108472183,0.3121951219512195,0.7,0.06858924295990168
2024-12-12,Juventus vs AC Milan,Serie A,Away Win,3.79,0.13250194662708273,Away Win,Away Win,True,0.36968043108956083,0.8833463108472183,1.253026741936779,0.7361475927888572,0.9999998355329205,0.3696803484970918
2024-12-13,Monterrey vs Tigres,Liga MX,Over 2.5 Goals,1.8,0.18795401129051686,Over 2.5 Goals,Draw,False,-0.18795401129051686,1.253026741936779,1.0650727306462622,0.5152173913043477,0.7,0.13344734801626698
2024-12-14,Eintracht Frankfurt vs VfB Stuttgart,Bundesliga,Away Win,3.4,0.1597609095969393,Away Win,Draw,False,-0.1597609095969393,1.0650727306462622,0.9053118210493228,0.7058821712382082,0.9999998182970317,0.38342608433394726
2024-12-15,Cruz Azul vs Pumas,Liga MX,Away Win,3.41,0.1357967731573984,Away Win,Draw,False,-0.1357967731573984,0.9053118210493228,0.7695150478919244,0.7067446980909553,0.9999998300557646,0.3272701446137636
2024-12-16,Juventus vs AC Milan,Serie A,Home Win,3.0,0.11542725718378866,Home Win,Draw,False,-0.11542725718378866,0.7695150478919244,0.6540877907081357,0.27201461619256645,0.6053479495258998,0.09419370318302678
2024-12-17,Club America vs Chivas,Liga MX,Away Win,2.74,0.09811316860622035,Away Win,Home Win,False,-0.09811316860622035,0.6540877907081357,0.5559746221019154,0.6350364144222291,0.9999999180718642,0.17071689135007595
2024-12-18,Seattle Sounders vs Portland Timbers,MLS,Away Win,3.3,0.0833961933152873,Away Win,Draw,False,-0.0833961933152873,0.5559746221019154,0.4725784287866281,0.696969619870726,0.999999922901029,0.1918112234069505
2024-12-19,Monterrey vs Tigres,Liga MX,Draw,3.27,0.0708867643179942,Draw,Home Win,False,-0.0708867643179942,0.4725784287866281,0.4016916644686339,0.6941895418309856,0.9999999393845024,0.16091294095119152
2024-12-20,Club America vs Chivas,Liga MX,Away Win,3.18,0.060253749670295086,Away Win,Home Win,False,-0.060253749670295086,0.4016916644686339,0.34143791479833885,0.6855345207923984,0.9999999295974299,0.13135316079162337
2024-12-21,Eintracht Frankfurt vs VfB Stuttgart,Bundesliga,Away Win,3.81,0.051215687219750824,Away Win,Away Win,True,0.14391608108749981,0.34143791479833885,0.48535399588583866,0.7375326244458833,0.9999998160469331,0.1439160451924126
2024-12-22,AS Roma vs Lazio,Serie A,Away Win,3.53,0.0728030993828758,Away Win,Home Win,False,-0.0728030993828758,0.48535399588583866,0.41255089650296284,0.7167136950100347,0.9999998139902047,0.1841917936350994
2024-12-23,Monterrey vs Tigres,Liga MX,Away Win,4.5,0.061882634475444426,Away Win,Home Win,False,-0.061882634475444426,0.41255089650296284,0.35066826202751844,0.7777775835397293,0.9999998057619515,0.21658916657422578
2024-12-24,Juventus vs AC Milan,Serie A,Away Win,4.45,0.052600239304127765,Away Win,Draw,False,-0.052600239304127765,0.35066826202751844,0.29806802272339067,0.7752806813272669,0.9999997824508624,0.1814707746772825
2024-12-25,Liverpool vs Chelsea,Premier League,Away Win,3.16,0.0447102034085086,Away Win,Home Win,False,-0.0447102034085086,0.29806802272339067,0.25335781931488205,0.3335443037974684,0.65,0.047124554392568074
2024-12-26,Juventus vs AC Milan,Serie A,Away Win,4.07,0.038003672897232305,Away Win,Home Win,False,-0.038003672897232305,0.25335781931488205,0.21535414641764974,0.7542995612603565,0.9999998069606022,0.11667124593614424
2024-12-27,Inter Milan vs Napoli,Serie A,Away Win,3.21,0.03230312196264746,Away Win,Away Win,True,0.07138989953745088,0.21535414641764974,0.2867440459551006,0.6884734446985301,0.9999999244493089,0.07138989170337144
2024-12-28,Bologna vs Torino,Serie A,Away Win,4.06,0.04301160689326509,Away Win,Home Win,False,-0.04301160689326509,0.2867440459551006,0.24373243906183553,0.7536944030622786,0.9999998217814905,0.13161548597160538
2024-12-29,Inter Milan vs Napoli,Serie A,Away Win,3.9,0.03655986585927533,Away Win,Home Win,False,-0.03655986585927533,0.24373243906183553,0.20717257320256022,0.7435895688588661,0.9999998252691226,0.10602358607816242
2024-12-30,Seattle Sounders vs Portland Timbers,MLS,Draw,3.39,0.031075885980384032,Draw,Draw,True,0.07427136749311784,0.20717257320256022,0.2814439406956781,0.7050147147828953,0.9999999655203585,0.07427136386078231
2024-12-31,Bayern Munich vs Borussia Dortmund,Bundesliga,Draw,3.35,0.04221659110435171,Draw,Home Win,False,-0.04221659110435171,0.2814439406956781,0.23922734959132635,0.7014924821950034,0.9999999448815705,0.09920898130007066
2025-01-01,LA Galaxy vs LAFC,MLS,Draw,3.32,0.03588410243869895,Draw,Draw,True,0.08325111765778156,0.23922734959132635,0.3224784672491079,0.6987951254735336,0.9999999447506421,0.08325111107563715
2025-01-02,Seattle Sounders vs Portland Timbers,MLS,Away Win,4.03,0.048371770087366185,Away Win,Draw,False,-0.048371770087366185,0.3224784672491079,0.2741066971617417,0.7518608632986675,0.9999998211150447,0.14656642849320234
2025-01-03,Sevilla vs Real Betis,La Liga,Home Win,2.88,0.041116004574261254,Home Win,Home Win,True,0.07729808859961115,0.2741066971617417,0.3514047857613528,0.28361645132356417,0.6308386735457864,0.03358418489267157
2025-01-04,Juventus vs AC Milan,Serie A,Draw,3.27,0.05271071786420292,Draw,Home Win,False,-0.05271071786420292,0.3514047857613528,0.2986940678971499,0.6941895569595802,0.999999954513097,0.11965332171143392
2025-01-05,Eintracht Frankfurt vs VfB Stuttgart,Bundesliga,Draw,3.24,0.04480411018457248,Draw,Away Win,False,-0.04480411018457248,0.2986940678971499,0.25388995771257744,0.6913579924251383,0.9999999677337802,0.10036120212950635
2025-01-06,Cruz Azul vs Pumas,Liga MX,Away Win,3.39,0.03808349365688662,Away Win,Away Win,True,0.09101954983995902,0.25388995771257744,0.34490950755253647,0.7050145729874024,0.9999998237248655,0.09101952708230267
2025-01-07,Seattle Sounders vs Portland Timbers,MLS,Away Win,3.02,0.051736426132880466,Away Win,Draw,False,-0.051736426132880466,0.34490950755253647,0.293173081419656,0.6688739881332841,0.9999998159478537,0.10450755203137371
2025-01-08,Seattle Sounders vs Portland Timbers,MLS,Home Win,3.88,0.043975962212948395,Home Win,Away Win,False,-0.043975962212948395,0.293173081419656,0.2491971192067076,0.37602817135912975,0.6337601301220164,0.06416045854020952
2025-01-09,AS Roma vs Lazio,Serie A,Away Win,4.15,0.03737956788100614,Away Win,Away Win,True,0.11774563882516935,0.2491971192067076,0.3669427580318769,0.7590359444991477,0.9999997999208344,0.11774560778784743
2025-01-10,RB Leipzig vs Bayer Leverkusen,Bundesliga,Draw,3.23,0.055041413704781536,Draw,Home Win,False,-0.055041413704781536,0.3669427580318769,0.3119013443270954,0.5261109759082564,0.8357084991280707,0.09353399077108439
2025-01-11,AS Roma vs Lazio,Serie A,Draw,3.26,0.04678520164906431,Draw,Home Win,False,-0.04678520164906431,0.3119013443270954,0.2651161426780311,0.6932514775413314,0.9999999437990001,0.10573454715512247
2025-01-12,Bologna vs Torino,Serie A,Away Win,4.36,0.03976742140170466,Away Win,Away Win,True,0.13361853590972766,0.2651161426780311,0.39873467858775874,0.7706419843153245,0.9999997824804621,0.13361849819489435
2025-01-13,Real Sociedad vs Getafe,La Liga,Over 2.5 Goals,1.8,0.059810201788163805,Over 2.5 Goals,Away Win,True,0.04784816143053105,0.39873467858775874,0.4465828400182898,0.427364901202527,0.7,0.031244544231287627
2025-01-14,Juventus vs AC Milan,Serie A,Away Win,3.05,0.06698742600274346,Away Win,Home Win,False,-0.06698742600274346,0.4465828400182898,0.3795954140155463,0.6721309816833861,0.9999998341424026,0.1373241894189848
2025-01-15,Club America vs Chivas,Liga MX,Draw,3.33,0.05693931210233194,Draw,Draw,True,0.13266859719843344,0.3795954140155463,0.5122640112139798,0.6996996434946433,0.9999999437949436,0.1326685865415102
2025-01-16,Seattle Sounders vs Portland Timbers,MLS,Away Win,3.82,0.07683960168209697,Away Win,Draw,False,-0.07683960168209697,0.5122640112139798,0.43542440953188283,0.7382196998550434,0.9999998045670853,0.21668761937862185
2025-01-17,Bayern Munich vs Borussia Dortmund,Bundesliga,Away Win,2.87,0.06531366142978243,Away Win,Away Win,True,0.12213654687369314,0.43542440953188283,0.557560956405576,0.65156775847911,0.9999998142282388,0.12213651205073782
2025-01-18,Club America vs Chivas,Liga MX,Away Win,2.57,0.0836341434608364,Away Win,Away Win,True,0.13130560523351315,0.557560956405576,0.6888665616390892,0.6108947267814311,0.9999997851471898,0.1313055590531041
2025-01-19,Seattle Sounders vs Portland Timbers,MLS,Draw,3.26,0.10332998424586338,Draw,Draw,True,0.23352576439565123,0.6888665616390892,0.9223923260347404,0.693251467020223,0.9999999332778917,0.2335257419199255
2025-01-20,Cruz Azul vs Pumas,Liga MX,Away Win,3.54,0.13835884890521105,Away Win,Draw,False,-0.13835884890521105,0.9223923260347404,0.7840334771295294,0.7175139557940118,0.9999998315002265,0.3514313936896773
2025-01-21,Aston Villa vs West Ham,Premier League,Over 2.5 Goals,1.8,0.11760502156942941,Over 2.5 Goals,Home Win,True,0.09408401725554354,0.7840334771295294,0.8781174943850729,0.37528735632183907,0.7,0.0834995653142949
2025-01-22,Seattle Sounders vs Portland Timbers,MLS,Draw,3.34,0.13171762415776092,Draw,Home Win,False,-0.13171762415776092,0.8781174943850729,0.746399870227312,0.7005987689325578,0.9999999665373482,0.30821922580770644
2025-01-23,Inter Miami vs New York City FC,MLS,Over 2.5 Goals,1.8,0.1119599805340968,Over 2.5 Goals,Away Win,True,0.08956798442727744,0.746399870227312,0.8359678546545894,0.5094713656387665,0.7,0.07949158617920872
2025-01-24,RB Leipzig vs Bayer Leverkusen,Bundesliga,Away Win,4.44,0.1253951781981884,Away Win,Draw,False,-0.1253951781981884,0.8359678546545894,0.7105726764564011,0.7747745357376195,0.9999997609628447,0.43135927991673445
2025-01-25,Cruz Azul vs Pumas,Liga MX,Away Win,4.42,0.10658590146846016,Away Win,Home Win,False,-0.10658590146846016,0.7105726764564011,0.603986774987941,0.7737554724146068,0.9999998163060095,0.36452369648211586
2025-01-26,Cruz Azul vs Pumas,Liga MX,Draw,3.25,0.09059801624819114,Draw,Away Win,False,-0.09059801624819114,0.603986774987941,0.5133887587397499,0.6923075809628432,0.9999998886551509,0.2038455037736571
2025-01-27,Club America vs Chivas,Liga MX,Over 2.5 Goals,1.8,0.07700831381096247,Over 2.5 Goals,Draw,False,-0.07700831381096247,0.5133887587397499,0.4363804449287874,0.22196531791907514,0.7,0.033883658076823496
2025-01-28,Club America vs Chivas,Liga MX,Away Win,4.36,0.06545706673931811,Away Win,Away Win,True,0.2199357442441089,0.4363804449287874,0.6563161891728964,0.7706420073305139,0.9999998054956515,0.21993568873396613
2025-01-29,Atletico Madrid vs Valencia,La Liga,Draw,3.35,0.09844742837593445,Draw,Home Win,False,-0.09844742837593445,0.6563161891728964,0.5578687607969619,0.7014924887204147,0.9999999514069818,0.23135144065752278
2025-01-30,Bayern Munich vs Borussia Dortmund,Bundesliga,Draw,3.33,0.08368031411954428,Draw,Away Win,False,-0.08368031411954428,0.5578687607969619,0.4741884466774176,0.6996996506282857,0.999999950928586,0.1949751182245214
2025-01-31,Osasuna vs Celta Vigo,La Liga,Home Win,3.75,0.07112826700161264,Home Win,Home Win,True,0.19560273425443475,0.4741884466774176,0.6697911809318524,0.33583448077958483,0.6025011474462515,0.08957746731464346
2025-02-01,Eintracht Frankfurt vs VfB Stuttgart,Bundesliga,Away Win,2.93,0.10046867713977786,Away Win,Home Win,False,-0.10046867713977786,0.6697911809318524,0.5693225037920746,0.6587030025878023,0.9999999309154474,0.1939045265431288
2025-02-02,AS Roma vs Lazio,Serie A,Draw,3.3,0.08539837556881119,Draw,Away Win,False,-0.08539837556881119,0.5693225037920746,0.4839241282232634,0.6969696497912212,0.9999999528215242,0.19641625051268058
2025-02-03,Inter Milan vs Napoli,Serie A,Away Win,3.51,0.07258861923348951,Away Win,Home Win,False,-0.07258861923348951,0.4839241282232634,0.4113355089897739,0.7150995493280279,0.9999998342283127,0.1821973920397447
2025-02-04,Sevilla vs Real Betis,La Liga,Away Win,3.07,0.06170032634846608,Away Win,Away Win,True,0.12771967554132477,0.4113355089897739,0.5390551845310987,0.674267042578649,0.9999999416014503,0.1277196644794714
2025-02-05,Bayern Munich vs Borussia Dortmund,Bundesliga,Over 2.5 Goals,1.8,0.0808582776796648,Over 2.5 Goals,Away Win,True,0.06468662214373185,0.5390551845310987,0.6037418066748306,0.33703703703703713,0.7,0.03557764217905252
2025-02-06,Inter Milan vs Napoli,Serie A,Home Win,3.18,0.09056127100122459,Home Win,Draw,False,-0.09056127100122459,0.6037418066748306,0.513180535673606,0.28947663067482915,0.6039420394798606,0.08336488168502544
2025-02-07,Real Madrid vs Barcelona,La Liga,Draw,3.39,0.0769770803510409,Draw,Home Win,False,-0.0769770803510409,0.513180535673606,0.4362034553225651,0.7050147050266382,0.9999999557641013,0.18397521049552815
2025-02-08,Borussia Monchengladbach vs Wolfsburg,Bundesliga,Away Win,4.46,0.06543051829838477,Away Win,Draw,False,-0.06543051829838477,0.4362034553225651,0.37077293702418035,0.7757845771841319,0.9999998238209031,0.22638954189980756
2025-02-09,Bologna vs Torino,Serie A,Away Win,4.36,0.05561594055362705,Away Win,Home Win,False,-0.05561594055362705,0.37077293702418035,0.3151569964705533,0.7706419881187024,0.99999978628384,0.18686950843711683
2025-02-10,Monterrey vs Tigres,Liga MX,Draw,3.27,0.047273549470582994,Draw,Draw,True,0.1073109572982234,0.3151569964705533,0.42246795376877666,0.6941895522137951,0.9999999497673119,0.10731094953302808
2025-02-11,Club America vs Chivas,Liga MX,Over 2.5 Goals,1.8,0.0633701930653165,Over 2.5 Goals,Away Win,True,0.0506961544522532,0.42246795376877666,0.47316410822102983,0.4715311004784688,0.7,0.044992837076374706
2025-02-12,Club America vs Chivas,Liga MX,Draw,3.23,0.07097461623315447,Draw,Home Win,False,-0.07097461623315447,0.47316410822102983,0.40218949198787535,0.6903368716219549,0.9999343948417692,0.1582583543479359
2025-02-13,Bologna vs Torino,Serie A,Away Win,4.42,0.0603284237981813,Away Win,Draw,False,-0.0603284237981813,0.40218949198787535,0.34186106818969403,0.7737554801938016,0.9999998240852043,0.20632316248181243
2025-02-14,Villarreal vs Athletic Bilbao,La Liga,Draw,3.36,0.0512791602284541,Draw,Draw,True,0.12101881813915168,0.34186106818969403,0.4628798863288457,0.7023809065182858,0.9999999541373333,0.12101881023710692
2025-02-15,LA Galaxy vs LAFC,MLS,Away Win,3.94,0.06943198294932686,Away Win,Home Win,False,-0.06943198294932686,0.4628798863288457,0.39344790337951885,0.7461926847395796,0.9999997913385643,0.20412997278917858
2025-02-16,Manchester City vs Arsenal,Premier League,Over 2.5 Goals,1.8,0.059017185506927826,Over 2.5 Goals,Home Win,True,0.047213748405542266,0.39344790337951885,0.4406616517850611,0.29210526315789465,0.7,0.041902201709918756
2025-02-17,Real Madrid vs Barcelona,La Liga,Away Win,3.36,0.06609924776775916,Away Win,Draw,False,-0.06609924776775916,0.4406616517850611,0.37456240401730195,0.7023807879138728,0.9999998355329205,0.1559941882048468
2025-02-18,Inter Miami vs New York City FC,MLS,Draw,3.37,0.05618436060259529,Draw,Away Win,False,-0.05618436060259529,0.37456240401730195,0.31837804341470666,0.7032640491521776,0.9999999541966879,0.1331569259556924
2025-02-19,Real Madrid vs Barcelona,La Liga,Draw,3.27,0.047756706512205996,Draw,Home Win,False,-0.047756706512205996,0.31837804341470666,0.2706213369025007,0.6941895016346414,0.9999998991881582,0.10840770803948377
2025-02-20,Juventus vs AC Milan,Serie A,Draw,3.3,0.0405932005353751,Draw,Home Win,False,-0.0405932005353751,0.2706213369025007,0.23002813636712557,0.6969696496533353,0.9999999526836383,0.09336435489297829
2025-02-21,LA Galaxy vs LAFC,MLS,Away Win,3.71,0.03450422045506883,Away Win,Home Win,False,-0.03450422045506883,0.23002813636712557,0.19552391591205676,0.7304580525244853,0.9999998315002265,0.09350641586346967
2025-02-22,Sevilla vs Real Betis,La Liga,Away Win,2.96,0.029328587386808512,Away Win,Draw,False,-0.029328587386808512,0.19552391591205676,0.16619532852524824,0.6621620850155535,0.9999999228533913,0.05748402458084557
2025-02-23,Bayern Munich vs Borussia Dortmund,Bundesliga,Home Win,2.6,0.024929299278787235,Home Win,Away Win,False,-0.024929299278787235,0.16619532852524824,0.141266029246461,0.25202304415430843,0.636638428769693,0.016335170521471785
2025-02-24,LA Galaxy vs LAFC,MLS,Away Win,3.77,0.02118990438696915,Away Win,Home Win,False,-0.02118990438696915,0.141266029246461,0.12007612485949186,0.7347478110317074,0.9999998004216278,0.05869601920839877
2025-02-25,Eintracht Frankfurt vs VfB Stuttgart,Bundesliga,Over 2.5 Goals,1.8,0.018011418728923777,Over 2.5 Goals,Away Win,True,0.014409134983139022,0.12007612485949186,0.13448525984263088,0.32499999999999996,0.7,0.012788107297535881
2025-02-26,Atalanta vs Fiorentina,Serie A,Away Win,3.73,0.020172788976394632,Away Win,Home Win,False,-0.020172788976394632,0.13448525984263088,0.11431247086623625,0.7319033167549183,0.9999998315002265,0.05507170122687565
2025-02-27,Sevilla vs Real Betis,La Liga,Draw,3.39,0.017146870629935435,Draw,Home Win,False,-0.017146870629935435,0.11431247086623625,0.09716560023630082,0.7050146935526955,0.9999999442901586,0.04098101756725008
2025-02-28,Seattle Sounders vs Portland Timbers,MLS,Away Win,3.55,0.014574840035445121,Away Win,Home Win,False,-0.014574840035445121,0.09716560023630082,0.08259076020085569,0.7183096766326738,0.9999998174777442,0.037165832646559045
2025-03-01,Inter Miami vs New York City FC,MLS,Home Win,3.66,0.012388614030128354,Home Win,Away Win,False,-0.012388614030128354,0.08259076020085569,0.07020214617072734,0.40495345462811616,0.6781774983439631,0.01836153210137066
2025-03-02,Atletico Madrid vs Valencia,La Liga,Draw,3.35,0.0105303219256091,Draw,Home Win,False,-0.0105303219256091,0.07020214617072734,0.05967182424511824,0.7014924771351635,0.9999999398217306,0.024746254402297944
2025-03-03,RB Leipzig vs Bayer Leverkusen,Bundesliga,Away Win,3.68,0.008950773636767736,Away Win,Home Win,False,-0.008950773636767736,0.05967182424511824,0.050721050608350506,0.7282607050981379,0.9999998355329205,0.023988067929181567
2025-03-04,Bayern Munich vs Borussia Dortmund,Bundesliga,Away Win,3.76,0.0076081575912525755,Away Win,Home Win,False,-0.0076081575912525755,0.050721050608350506,0.043112893017097934,0.7340423803115191,0.9999998271200298,0.02099851000633641
2025-03-05,Manchester City vs Arsenal,Premier League,Over 2.5 Goals,1.8,0.00646693395256469,Over 2.5 Goals,Home Win,True,0.005173547162051752,0.043112893017097934,0.04828644017914969,0.22196531791907514,0.7,0.0028454509391284636
2025-03-06,Monterrey vs Tigres,Liga MX,Draw,3.32,0.007242966026872453,Draw,Home Win,False,-0.007242966026872453,0.04828644017914969,0.041043474152277236,0.6987951201073939,0.9999999393845024,0.0168036797247446
2025-03-07,Borussia Monchengladbach vs Wolfsburg,Bundesliga,Draw,3.29,0.006156521122841585,Draw,Home Win,False,-0.006156521122841585,0.041043474152277236,0.034886953029435654,0.6960485649924504,0.9999999327736054,0.014098432009639669
2025-03-08,Atalanta vs Fiorentina,Serie A,Away Win,4.03,0.005233042954415348,Away Win,Home Win,False,-0.005233042954415348,0.034886953029435654,0.029653910075020305,0.7518608420795958,0.999999799895973,0.015856115931852044
2025-03-09,Bologna vs Torino,Serie A,Away Win,4.07,0.0044480865112530455,Away Win,Draw,False,-0.0044480865112530455,0.029653910075020305,0.025205823563767257,0.7542995541957274,0.999999799895973,0.013655621966921156
2025-03-10,Atletico Madrid vs Valencia,La Liga,Away Win,3.92,0.0037808735345650885,Away Win,Home Win,False,-0.0037808735345650885,0.025205823563767257,0.02142495002920217,0.7448977647072381,0.9999998055235647,0.011040147838590095
2025-03-11,Atletico Madrid vs Valencia,La Liga,Over 2.5 Goals,1.8,0.0032137425043803256,Over 2.5 Goals,Home Win,True,0.0025709940035042607,0.02142495002920217,0.02399594403270643,0.42348437990580434,0.7,0.0019141218022299174
2025-03-12,Inter Milan vs Napoli,Serie A,Away Win,3.29,0.0035993916049059643,Away Win,Home Win,False,-0.0035993916049059643,0.02399594403270643,0.020396552427800467,0.6960485555686047,0.9999999233497597,0.008242605867542638
2025-03-13,Inter Miami vs New York City FC,MLS,Away Win,2.62,0.00305948286417007,Away Win,Away Win,True,0.0049563622399555135,0.020396552427800467,0.02535291466775598,0.6183205318626175,0.9999999211755946,0.004956361608111289
2025-03-14,LA Galaxy vs LAFC,MLS,Away Win,3.17,0.003802937200163397,Away Win,Draw,False,-0.003802937200163397,0.02535291466775598,0.021549977467592584,0.6845424026986424,0.9999998159478537,0.00825237150554872
2025-03-15,Atalanta vs Fiorentina,Serie A,Away Win,3.21,0.0032324966201388874,Away Win,Draw,False,-0.0032324966201388874,0.021549977467592584,0.018317480847453698,0.6884733501825455,0.9999998299333243,0.0071438157658416865
2025-03-16,Club America vs Chivas,Liga MX,Draw,3.23,0.0027476221271180547,Draw,Away Win,False,-0.0027476221271180547,0.018317480847453698,0.015569858720335644,0.6903303179356903,0.9999278411555046,0.006126556946755159
2025-03-17,Osasuna vs Celta Vigo,La Liga,Draw,3.25,0.0023354788080503465,Draw,Home Win,False,-0.0023354788080503465,0.015569858720335644,0.013234379912285297,0.692307614418341,0.9999999221106487,0.005254826726909259
2025-03-18,LA Galaxy vs LAFC,MLS,Away Win,4.22,0.0019851569868427946,Away Win,Home Win,False,-0.0019851569868427946,0.013234379912285297,0.011249222925442502,0.7630329578063126,0.9999997824508624,0.006392203675145814
2025-03-19,Club America vs Chivas,Liga MX,Away Win,4.04,0.0016873834388163751,Away Win,Home Win,False,-0.0016873834388163751,0.011249222925442502,0.009561839486626127,0.7524750686139774,0.9999998210892249,0.005129644434361822
2025-03-20,Borussia Monchengladbach vs Wolfsburg,Bundesliga,Home Win,3.71,0.001434275922993919,Home Win,Away Win,False,-0.001434275922993919,0.009561839486626127,0.008127563563632208,0.3329593684705103,0.6025011474462515,0.0017717312965256247
2025-03-21,LA Galaxy vs LAFC,MLS,Draw,3.3,0.0012191345345448311,Draw,Home Win,False,-0.0012191345345448311,0.008127563563632208,0.006908429029087376,0.6969696462410946,0.9999999492713977,0.002804009225364641
2025-03-22,Seattle Sounders vs Portland Timbers,MLS,Draw,3.36,0.0010362643543631064,Draw,Away Win,False,-0.0010362643543631064,0.006908429029087376,0.00587216467472427,0.7023808405570178,0.9999998881760653,0.002445583486942962
2025-03-23,Inter Milan vs Napoli,Serie A,Draw,3.37,0.0008808247012086405,Draw,Away Win,False,-0.0008808247012086405,0.00587216467472427,0.00499133997351563,0.7032639727022751,0.9999998777467854,0.0020875541789705737
2025-03-24,Monterrey vs Tigres,Liga MX,Away Win,3.52,0.0007487009960273445,Away Win,Draw,False,-0.0007487009960273445,0.00499133997351563,0.004242638977488286,0.7159089366719098,0.999999845762819,0.0018867261035079989
2025-03-25,AS Roma vs Lazio,Serie A,Away Win,4.25,0.0006363958466232429,Away Win,Draw,False,-0.0006363958466232429,0.004242638977488286,0.0036062431308650426,0.7647056736915054,0.9999997913385643,0.0020682859371626374
2025-03-26,Monterrey vs Tigres,Liga MX,Away Win,3.99,0.0005409364696297564,Away Win,Draw,False,-0.0005409364696297564,0.0036062431308650426,0.0030653066612352864,0.749373249436489,0.9999998158525291,0.0016173996467407613
2025-03-27,RB Leipzig vs Bayer Leverkusen,Bundesliga,Away Win,3.26,0.0004597959991852929,Away Win,Away Win,True,0.001039138958158762,0.0030653066612352864,0.004104445619394048,0.6932514634055068,0.9999999296631755,0.001039138852728437
2025-03-28,Club America vs Chivas,Liga MX,Away Win,3.66,0.0006156668429091072,Away Win,Away Win,True,0.001637673802138225,0.004104445619394048,0.005742119421532273,0.7267757723310861,0.9999998160469331,0.0016376733876293027
2025-03-29,Real Sociedad vs Getafe,La Liga,Draw,3.27,0.0008613179132298409,Draw,Draw,True,0.001955191663031739,0.005742119421532273,0.007697311084564012,0.6941895606098855,0.9999999581634023,0.001955191545198561
2025-03-30,Sevilla vs Real Betis,La Liga,Away Win,3.96,0.0011545966626846018,Away Win,Home Win,False,-0.0011545966626846018,0.007697311084564012,0.006542714421879411,0.7474745340511906,0.9999997865764432,0.0034176051457306404
2025-03-31,Monterrey vs Tigres,Liga MX,Away Win,4.22,0.0009814071632819115,Away Win,Away Win,True,0.003160131065767755,0.006542714421879411,0.009702845487647166,0.7630329752762847,0.9999997999208344,0.003160130237132242
2025-04-01,Borussia Monchengladbach vs Wolfsburg,Bundesliga,Draw,3.39,0.0014554268231470747,Draw,Draw,True,0.003478470107321509,0.009702845487647166,0.013181315594968674,0.7050147050266382,0.9999999557641013,0.003478469889066144
2025-04-02,RB Leipzig vs Bayer Leverkusen,Bundesliga,Away Win,2.97,0.001977197339245301,Away Win,Away Win,True,0.0038950787583132435,0.013181315594968674,0.01707639435328192,0.6632995941161266,0.9999999308164632,0.003895078352048414
2025-04-03,Villarreal vs Athletic Bilbao,La Liga,Away Win,3.78,0.002561459152992288,Away Win,Away Win,True,0.00712085644531856,0.01707639435328192,0.02419725079860048,0.7354495135769368,0.9999997781272013,0.0071208542970761
2025-04-04,RB Leipzig vs Bayer Leverkusen,Bundesliga,Away Win,4.44,0.003629587619790072,Away Win,Away Win,True,0.012485781412077849,0.02419725079860048,0.036683032210678326,0.7747745357376195,0.9999997609628447,0.012485777559905879
2025-04-05,Crystal Palace vs Fulham,Premier League,Over 2.5 Goals,1.8,0.005502454831601749,Over 2.5 Goals,Draw,True,0.0044019638652813995,0.036683032210678326,0.04108499607595972,0.2413407821229051,0.7,0.00242108012590477
2025-04-06,Juventus vs AC Milan,Serie A,Over 2.5 Goals,1.8,0.006162749411393958,Over 2.5 Goals,Away Win,True,0.004930199529115167,0.04108499607595972,0.04601519560507489,0.3689655172413793,0.7,0.002711609741013343
2025-04-07,Aston Villa vs West Ham,Premier League,Over 2.5 Goals,1.8,0.006902279340761233,Over 2.5 Goals,Draw,False,-0.006902279340761233,0.04601519560507489,0.03911291626431365,0.5418367346938775,0.7,0.004900618331940476
2025-04-08,LA Galaxy vs LAFC,MLS,Draw,3.36,0.005866937439647048,Draw,Draw,True,0.013845972357567033,0.03911291626431365,0.05295888862188068,0.7023809024658043,0.999999950084852,0.013845971373594224
2025-04-09,Eintracht Frankfurt vs VfB Stuttgart,Bundesliga,Draw,3.3,0.007943833293282103,Draw,Draw,True,0.018270816574548834,0.05295888862188068,0.07122970519642952,0.6969696653207791,0.9999999683510822,0.018270815744883536
2025-04-10,LA Galaxy vs LAFC,MLS,Draw,3.28,0.010684455779464428,Draw,Away Win,False,-0.010684455779464428,0.07122970519642952,0.06054524941696509,0.6951218810589663,0.9999999298394542,0.024360556718401517
2025-04-11,Seattle Sounders vs Portland Timbers,MLS,Away Win,4.29,0.009081787412544763,Away Win,Home Win,False,-0.009081787412544763,0.06054524941696509,0.05146346200442033,0.7668995493506293,0.9999997824508624,0.02987907211136904
2025-04-12,Inter Milan vs Napoli,Serie A,Away Win,3.3,0.0077195193006630485,Away Win,Home Win,False,-0.0077195193006630485,0.05146346200442033,0.043743942703757276,0.6969695130721938,0.9999998161024969,0.017754889706843937
2025-04-13,Inter Miami vs New York City FC,MLS,Away Win,3.92,0.006561591405563591,Away Win,Home Win,False,-0.006561591405563591,0.043743942703757276,0.03718235129819369,0.7448977474032861,0.9999997882196126,0.019159841456949513
2025-04-14,Cruz Azul vs Pumas,Liga MX,Over 2.5 Goals,1.8,0.005577352694729053,Over 2.5 Goals,Home Win,True,0.0044618821557832426,0.03718235129819369,0.04164423345397693,0.19393939393939397,0.7,0.002454035185680784
2025-04-15,LA Galaxy vs LAFC,MLS,Draw,3.39,0.006246635018096539,Draw,Draw,True,0.01492945769325073,0.04164423345397693,0.056573691147227656,0.7050147001911229,0.999999950928586,0.014929456654109916
2025-04-16,AS Roma vs Lazio,Serie A,Away Win,4.09,0.008486053672084147,Away Win,Draw,False,-0.008486053672084147,0.056573691147227656,0.04808763747514351,0.7555010584934196,0.9999998359995321,0.026221900154618415
2025-04-17,Osasuna vs Celta Vigo,La Liga,Away Win,3.8,0.007213145621271526,Away Win,Draw,False,-0.007213145621271526,0.04808763747514351,0.040874491853871986,0.7368419407960785,0.9999998355329205,0.020196803231525295
2025-04-18,Bologna vs Torino,Serie A,Away Win,3.71,0.006131173778080798,Away Win,Draw,False,-0.006131173778080798,0.040874491853871986,0.03474331807579119,0.730458016807841,0.9999997957835822,0.01661547629335862
2025-04-19,Villarreal vs Athletic Bilbao,La Liga,Away Win,4.18,0.005211497711368678,Away Win,Draw,False,-0.005211497711368678,0.03474331807579119,0.02953182036442251,0.7607653713478578,0.9999998211086234,0.016572558825171835
2025-04-20,Inter Milan vs Napoli,Serie A,Away Win,4.49,0.004429773054663376,Away Win,Draw,False,-0.004429773054663376,0.02953182036442251,0.025102047309759134,0.7772826498083159,0.9999997990288059,0.01545990396352224
2025-04-21,Borussia Monchengladbach vs Wolfsburg,Bundesliga,Away Win,3.85,0.0037653070964638697,Away Win,Draw,False,-0.0037653070964638697,0.025102047309759134,0.021336740213295263,0.7402595448268255,0.9999998045670853,0.010731122391842008
2025-04-22,LA Galaxy vs LAFC,MLS,Away Win,3.06,0.0032005110319942892,Away Win,Draw,False,-0.0032005110319942892,0.021336740213295263,0.018136229181300974,0.6732024487683534,0.9999998343892685,0.006593051103988979
2025-04-23,Eintracht Frankfurt vs VfB Stuttgart,Bundesliga,Away Win,2.72,0.002720434377195146,Away Win,Home Win,False,-0.002720434377195146,0.018136229181300974,0.015415794804105829,0.6323527603698518,0.9999998191933812,0.00467914579088234
2025-04-24,Club America vs Chivas,Liga MX,Draw,3.35,0.0023123692206158744,Draw,Away Win,False,-0.0023123692206158744,0.015415794804105829,0.013103425583489954,0.7014925013263407,0.9999999640129078,0.005434067389675567
2025-04-25,Sevilla vs Real Betis,La Liga,Away Win,4.46,0.001965513837523493,Away Win,Draw,False,-0.001965513837523493,0.013103425583489954,0.01113791174596646,0.7757845562870087,0.99999980292378,0.006800676150223359
2025-04-26,Inter Milan vs Napoli,Serie A,Away Win,3.68,0.001670686761894969,Away Win,Draw,False,-0.001670686761894969,0.01113791174596646,0.009467224984071492,0.7282606837473031,0.9999998141820857,0.004477439379446328
2025-04-27,Inter Miami vs New York City FC,MLS,Away Win,3.7,0.001420083747610724,Away Win,Draw,False,-0.001420083747610724,0.009467224984071492,0.008047141236460768,0.7297295652626503,0.9999998355329205,0.0038342252543879566
2025-04-28,Osasuna vs Celta Vigo,La Liga,Away Win,3.55,0.0012070711854691152,Away Win,Away Win,True,0.0030780315229462438,0.008047141236460768,0.011125172759407012,0.7183096752018627,0.9999998160469331,0.0030780307346884583
2025-04-29,Villarreal vs Athletic Bilbao,La Liga,Away Win,3.08,0.0016687759139110518,Away Win,Away Win,True,0.003471053900934988,0.011125172759407012,0.014596226660342,0.6753246002382866,0.9999999249136112,0.0034710535150037285
2025-04-30,Bologna vs Torino,Serie A,Over 2.5 Goals,1.8,0.0021894339990512998,Over 2.5 Goals,Home Win,True,0.00175154719924104,0.014596226660342,0.01634777385958304,0.37264957264957266,0.7,0.0009633509595825722
2025-05-01,Seattle Sounders vs Portland Timbers,MLS,Away Win,4.24,0.002452166078937456,Away Win,Home Win,False,-0.002452166078937456,0.01634777385958304,0.013895607780645584,0.7641507637744505,0.999999820378224,0.00794501622819667
2025-05-02,Sevilla vs Real Betis,La Liga,Away Win,3.06,0.0020843411670968376,Away Win,Draw,False,-0.0020843411670968376,0.013895607780645584,0.011811266613548746,0.6732025452945323,0.9999999309154474,0.004293742363592408
2025-05-03,Cruz Azul vs Pumas,Liga MX,Draw,3.33,0.0017716899920323117,Draw,Away Win,False,-0.0017716899920323117,0.011811266613548746,0.010039576621516434,0.6996996538952589,0.9999999541955592,0.004128037411201559
2025-05-04,Inter Miami vs New York City FC,MLS,Away Win,3.41,0.001505936493227465,Away Win,Draw,False,-0.001505936493227465,0.010039576621516434,0.008533640128288968,0.7067446647348801,0.9999997966996894,0.003629305904681604
2025-05-05,Atalanta vs Fiorentina,Serie A,Home Win,3.8,0.0012800460192433452,Home Win,Away Win,False,-0.0012800460192433452,0.008533640128288968,0.007253594109045624,0.342979931583347,0.6061378263201891,0.0016683143651937489
2025-05-06,Inter Miami vs New York City FC,MLS,Home Win,3.7,0.0010880391163568435,Home Win,Home Win,True,0.0029377056141634775,0.007253594109045624,0.010191299723209101,0.33223087717598127,0.6025011474462515,0.0013374767031073503
2025-05-07,Monterrey vs Tigres,Liga MX,Home Win,4.06,0.0015286949584813652,Home Win,Away Win,False,-0.0015286949584813652,0.010191299723209101,0.008662604764727737,0.39851437953007796,0.6448197982492898,0.0024733801068520357
2025-05-08,Monterrey vs Tigres,Liga MX,Over 2.5 Goals,1.8,0.0012993907147091604,Over 2.5 Goals,Away Win,True,0.0010395125717673284,0.008662604764727737,0.009702117336495066,0.32888198757763976,0.7,0.000922567407443504
2025-05-09,AS Roma vs Lazio,Serie A,Away Win,4.43,0.0014553176004742598,Away Win,Draw,False,-0.0014553176004742598,0.009702117336495066,0.008246799736020806,0.7742661702555729,0.9999998045670853,0.004991738109659576
2025-05-10,LA Galaxy vs LAFC,MLS,Away Win,4.06,0.0012370199604031208,Away Win,Away Win,True,0.003785281078833549,0.008246799736020806,0.012032080814854355,0.7536943637316506,0.9999997824508624,0.0037852799862362896
2025-05-11,Inter Miami vs New York City FC,MLS,Away Win,4.2,0.0018048121222281532,Away Win,Draw,False,-0.0018048121222281532,0.012032080814854355,0.0102272686926262,0.7619045532433262,0.9999997913385643,0.005775397209432398
2025-05-12,Bayern Munich vs Borussia Dortmund,Bundesliga,Over 2.5 Goals,1.8,0.00153409030389393,Over 2.5 Goals,Home Win,True,0.001227272243115144,0.0102272686926262,0.011454540935741345,0.5315899581589958,0.7,0.0010892041157646902
2025-05-13,Bologna vs Torino,Serie A,Away Win,3.47,0.0017181811403612017,Away Win,Home Win,False,-0.0017181811403612017,0.011454540935741345,0.009736359795380144,0.7118153735206063,0.9999998115609521,0.004243906293201877
2025-05-14,Inter Milan vs Napoli,Serie A,Away Win,3.75,0.0014604539693070216,Away Win,Away Win,True,0.004016248415594309,0.009736359795380144,0.013752608210974453,0.7333331493802664,0.9999998160469331,0.004016247408138109
2025-05-15,Club America vs Chivas,Liga MX,Away Win,3.54,0.002062891231646168,Away Win,Draw,False,-0.002062891231646168,0.013752608210974453,0.011689716979328284,0.7175139374622628,0.9999998131684775,0.005239742364018859
2025-05-16,Club America vs Chivas,Liga MX,Away Win,3.25,0.0017534575468992426,Away Win,Draw,False,-0.0017534575468992426,0.011689716979328284,0.009936259432429042,0.6923076088745784,0.9999999165668861,0.003945279005059921
2025-05-17,Seattle Sounders vs Portland Timbers,MLS,Away Win,2.98,0.0014904389148643561,Away Win,Home Win,False,-0.0014904389148643561,0.009936259432429042,0.008445820517564685,0.664429454899393,0.9999999246980508,0.002951068716977218
2025-05-18,Cruz Azul vs Pumas,Liga MX,Away Win,4.05,0.0012668730776347027,Away Win,Draw,False,-0.0012668730776347027,0.008445820517564685,0.007178947439929983,0.7530862347975664,0.99999981504448,0.003863961937809409
2025-05-19,Aston Villa vs West Ham,Premier League,Over 2.5 Goals,1.8,0.0010768421159894975,Over 2.5 Goals,Home Win,True,0.000861473692791598,0.007178947439929983,0.008040421132721581,0.11972789115646265,0.7,0.00047381053103537905
2025-05-20,Bologna vs Torino,Serie A,Away Win,4.01,0.001206063169908237,Away Win,Home Win,False,-0.001206063169908237,0.008040421132721581,0.006834357962813344,0.7506232251898753,0.9999997837933666,0.0036302490957807743
2025-05-21,Seattle Sounders vs Portland Timbers,MLS,Away Win,3.49,0.0010251536944220015,Away Win,Home Win,False,-0.0010251536944220015,0.006834357962813344,0.005809204268391342,0.7134668490934195,0.9999998003828178,0.0025526319849231453
2025-05-22,Cruz Azul vs Pumas,Liga MX,Away Win,3.15,0.0008713806402587014,Away Win,Away Win,True,0.0018734683765562078,0.005809204268391342,0.00768267264494755,0.6825396074503173,0.9999999249106347,0.0018734681704472374
2025-05-23,Cruz Azul vs Pumas,Liga MX,Away Win,4.03,0.0011524008967421324,Away Win,Draw,False,-0.0011524008967421324,0.00768267264494755,0.006530271748205418,0.7518608412124287,0.9999997990288059,0.0034917737837831427
2025-05-24,Borussia Monchengladbach vs Wolfsburg,Bundesliga,Draw,3.38,0.0009795407622308126,Draw,Home Win,False,-0.0009795407622308126,0.006530271748205418,0.005550730985974605,0.7041419627439871,0.9999999509096675,0.0023313068515787155
2025-05-25,Eintracht Frankfurt vs VfB Stuttgart,Bundesliga,Away Win,4.5,0.0008326096478961908,Away Win,Draw,False,-0.0008326096478961908,0.005550730985974605,0.004718121338078415,0.777777582344863,0.9999998045670853,0.0029141330353996816
2025-05-26,Atalanta vs Fiorentina,Serie A,Over 2.5 Goals,1.8,0.0007077182007117622,Over 2.5 Goals,Home Win,False,-0.0007077182007117622,0.004718121338078415,0.004010403137366653,0.2413407821229051,0.7,0.0003113960083131755
2025-05-27,Manchester City vs Arsenal,Premier League,Away Win,2.76,0.0006015604706049979,Away Win,Away Win,True,0.0010587464282647962,0.004010403137366653,0.005069149565631449,0.33768115942028976,0.7,0.0005606543586038579
2025-05-28,Sevilla vs Real Betis,La Liga,Draw,3.36,0.0007603724348447174,Draw,Draw,True,0.001794478946233533,0.005069149565631449,0.006863628511864982,0.7023809188185597,0.9999999664376074,0.0017944788604866077
2025-05-29,Club America vs Chivas,Liga MX,Away Win,2.82,0.0010295442767797472,Away Win,Draw,False,-0.0010295442767797472,0.006863628511864982,0.005834084235085235,0.6453899868652282,0.9999999159432424,0.0018737703396959065
2025-05-30,Monterrey vs Tigres,Liga MX,Away Win,3.65,0.0008751126352627852,Away Win,Home Win,False,-0.0008751126352627852,0.005834084235085235,0.00495897159982245,0.7260272290122557,0.9999998317519817,0.0023190479460351025
2025-05-31,Atalanta vs Fiorentina,Serie A,Away Win,3.12,0.0007438457399733674,Away Win,Away Win,True,0.0015769529687435391,0.00495897159982245,0.006535924568565989,0.6794871207312382,0.9999999412440587,0.0015769528323828265
2025-06-01,Club America vs Chivas,Liga MX,Draw,3.32,0.0009803886852848983,Draw,Home Win,False,-0.0009803886852848983,0.006535924568565989,0.005555535883281091,0.6987951502610881,0.9999999695381965,0.0022745016507111308
2025-06-02,Bayern Munich vs Borussia Dortmund,Bundesliga,Away Win,3.64,0.0008333303824921637,Away Win,Away Win,True,0.002199992209779312,0.005555535883281091,0.0077555280930604025,0.7252745597299994,0.9999998344552742,0.0021999917076287547
2025-06-03,Sevilla vs Real Betis,La Liga,Draw,3.3,0.0011633292139590604,Draw,Home Win,False,-0.0011633292139590604,0.0077555280930604025,0.006592198879101343,0.6969695848034203,0.9999998878337234,0.002675656761501028
2025-06-04,Club America vs Chivas,Liga MX,Away Win,3.04,0.0009888298318652014,Away Win,Home Win,False,-0.0009888298318652014,0.006592198879101343,0.005603369047236141,0.6710525559303018,0.9999999243513544,0.0020172126296019526
2025-06-05,Juventus vs AC Milan,Serie A,Away Win,3.79,0.0008405053570854211,Away Win,Away Win,True,0.002345009946268325,0.005603369047236141,0.007948378993504465,0.7361475887778937,0.9999998315219569,0.0023450094095789405
2025-06-06,RB Leipzig vs Bayer Leverkusen,Bundesliga,Away Win,3.2,0.0011922568490256697,Away Win,Away Win,True,0.0026229650678564736,0.007948378993504465,0.010571344061360939,0.6874999232556406,0.9999999232556406,0.0026229647750597115
2025-06-07,Bayern Munich vs Borussia Dortmund,Bundesliga,Away Win,4.08,0.0015857016092041408,Away Win,Away Win,True,0.004883960956348754,0.010571344061360939,0.015455305017709694,0.754901765351399,0.9999998045670853,0.004883959691963742
2025-06-08,RB Leipzig vs Bayer Leverkusen,Bundesliga,Draw,3.3,0.002318295752656454,Draw,Home Win,False,-0.002318295752656454,0.015455305017709694,0.01313700926505324,0.6969696365401743,0.9999999395704774,0.005332079768801275
2025-06-09,Club America vs Chivas,Liga MX,Draw,3.32,0.001970551389757986,Draw,Draw,True,0.004571679224238527,0.01313700926505324,0.017708688489291767,0.4693229709436631,0.7705277902207716,0.003070419108359429
2025-06-10,Monterrey vs Tigres,Liga MX,Away Win,4.41,0.002656303273393765,Away Win,Away Win,True,0.00905799416227274,0.017708688489291767,0.026766682651564507,0.7732424349525728,0.9999998045670853,0.00905799187291345
2025-06-11,Atalanta vs Fiorentina,Serie A,Away Win,4.12,0.004015002397734676,Away Win,Draw,False,-0.004015002397734676,0.026766682651564507,0.022751680253829832,0.7572813772213457,0.9999998238232874,0.012526804566650505
2025-06-12,LA Galaxy vs LAFC,MLS,Away Win,3.97,0.003412752038074475,Away Win,Home Win,False,-0.003412752038074475,0.022751680253829832,0.019338928215755356,0.748110631105495,0.9999997998712381,0.010135870841611525
2025-06-13,Eintracht Frankfurt vs VfB Stuttgart,Bundesliga,Away Win,4.0,0.002900839232363303,Away Win,Draw,False,-0.002900839232363303,0.019338928215755356,0.016438088983392052,0.7499998045670853,0.9999998045670853,0.008702515429412045
2025-06-14,AS Roma vs Lazio,Serie A,Draw,3.29,0.0024657133475088078,Draw,Away Win,False,-0.0024657133475088078,0.016438088983392052,0.013972375635883244,0.6960485900664346,0.9999999578475895,0.005646483223846516
2025-06-15,Club America vs Chivas,Liga MX,Draw,3.32,0.0020958563453824866,Draw,Draw,True,0.004862386721287368,0.013972375635883244,0.01883476235717061,0.6987951316514776,0.999999950928586,0.004862386379836541
2025-06-16,Osasuna vs Celta Vigo,La Liga,Draw,3.29,0.0028252143535755915,Draw,Draw,True,0.006469740869688104,0.01883476235717061,0.025304503226858715,0.6960485818374431,0.9999999496185982,0.00646974040139523
2025-06-17,Villarreal vs Athletic Bilbao,La Liga,Home Win,2.56,0.003795675484028807,Home Win,Away Win,False,-0.003795675484028807,0.025304503226858715,0.021508827742829906,0.22231816221328993,0.6129431622132899,0.0021602498507963495
2025-06-18,Seattle Sounders vs Portland Timbers,MLS,Away Win,3.07,0.003226324161424486,Away Win,Away Win,True,0.006678491014148685,0.021508827742829906,0.02818731875697859,0.6742670256752494,0.9999999246980508,0.006678490268296795
2025-06-19,Cruz Azul vs Pumas,Liga MX,Away Win,3.97,0.004228097813546788,Away Win,Home Win,False,-0.004228097813546788,0.02818731875697859,0.0239592209434318,0.7481106475654707,0.9999998163312138,0.012557447423252677
2025-06-20,Seattle Sounders vs Portland Timbers,MLS,Draw,3.37,0.00359388314151477,Draw,Draw,True,0.008517503045390005,0.0239592209434318,0.03247672398882181,0.7032640458840755,0.999999950928586,0.008517502451067159
2025-06-21,Bologna vs Torino,Serie A,Draw,3.32,0.004871508598323271,Draw,Home Win,False,-0.004871508598323271,0.03247672398882181,0.02760521539049854,0.6987951481622452,0.9999999674393536,0.011301899421493353
2025-06-22,Club America vs Chivas,Liga MX,Draw,3.36,0.00414078230857478,Draw,Draw,True,0.009772246248236482,0.02760521539049854,0.037377461638735024,0.7023808760673409,0.9999999236863886,0.009772245186483026
2025-06-23,Inter Milan vs Napoli,Serie A,Away Win,4.47,0.005606619245810253,Away Win,Away Win,True,0.019454968782961577,0.037377461638735024,0.0568324304216966,0.7762861144304062,0.9999997609628447,0.019454962792310865
2025-06-24,Bayern Munich vs Borussia Dortmund,Bundesliga,Away Win,4.07,0.00852486456325449,Away Win,Draw,False,-0.00852486456325449,0.0568324304216966,0.048307565858442106,0.7542995588668395,0.9999998045670853,0.02617132742841203
2025-06-25,Sevilla vs Real Betis,La Liga,Home Win,2.97,0.007246134878766315,Home Win,Home Win,True,0.014274885711169643,0.048307565858442106,0.06258245156961174,0.29406323312725907,0.6307635698275957,0.006328540894874881
2025-06-26,Borussia Monchengladbach vs Wolfsburg,Bundesliga,Over 2.5 Goals,1.8,0.009387367735441762,Over 2.5 Goals,Away Win,True,0.00750989418835341,0.06258245156961174,0.07009234575796515,0.38677685950413226,0.7,0.004130441803594376
2025-06-27,Bologna vs Torino,Serie A,Away Win,4.33,0.010513851863694771,Away Win,Draw,False,-0.010513851863694771,0.07009234575796515,0.059578493894270376,0.7690529232785615,0.9999998054956515,0.03501111785129729
2025-06-28,Bologna vs Torino,Serie A,Away Win,3.73,0.008936774084140555,Away Win,Away Win,True,0.024397393249703716,0.059578493894270376,0.0839758871439741,0.7319033180571417,0.99999983280245,0.024397387676312606
2025-06-29,Juventus vs AC Milan,Serie A,Draw,3.29,0.012596383071596114,Draw,Home Win,False,-0.012596383071596114,0.0839758871439741,0.07137950407237798,0.6960485710342807,0.9999999388154357,0.028845714698338253
2025-06-30,LA Galaxy vs LAFC,MLS,Draw,3.27,0.010706925610856696,Draw,Home Win,False,-0.010706925610856696,0.07137950407237798,0.06067257846152128,0.6941895665503733,0.9999999641038901,0.024304719879862782
2025-07-01,RB Leipzig vs Bayer Leverkusen,Bundesliga,Away Win,3.81,0.00910088676922819,Away Win,Home Win,False,-0.00910088676922819,0.06067257846152128,0.05157169169229309,0.7375326439318706,0.9999998355329205,0.025573486118737436
2025-07-02,Bayern Munich vs Borussia Dortmund,Bundesliga,Away Win,3.09,0.007735753753843963,Away Win,Draw,False,-0.007735753753843963,0.05157169169229309,0.04383593793844912,0.6763753295517456,0.9999999250210013,0.016167723553274952
2025-07-03,Juventus vs AC Milan,Serie A,Home Win,3.49,0.006575390690767368,Home Win,Away Win,False,-0.006575390690767368,0.04383593793844912,0.037260547247681755,0.35828684695989155,0.6448197982492898,0.00822200723345438
2025-07-04,Real Sociedad vs Getafe,La Liga,Away Win,3.62,0.005589082087152263,Away Win,Draw,False,-0.005589082087152263,0.037260547247681755,0.03167146516052949,0.7237567192458256,0.9999998131684775,0.01464339128827442
2025-07-05,Inter Milan vs Napoli,Serie A,Draw,3.31,0.004750719774079423,Draw,Away Win,False,-0.004750719774079423,0.03167146516052949,0.026920745386450066,0.6978851446058838,0.9999999482312614,0.010974161864066138
2025-07-06,Seattle Sounders vs Portland Timbers,MLS,Away Win,2.55,0.004038111807967509,Away Win,Home Win,False,-0.004038111807967509,0.026920745386450066,0.022882633578482556,0.6078430624580381,0.9999999252031362,0.006259072532152486
2025-07-07,Cruz Azul vs Pumas,Liga MX,Away Win,2.75,0.0034323950367723833,Away Win,Draw,False,-0.0034323950367723833,0.022882633578482556,0.01945023854171017,0.6363635598843209,0.9999999235206846,0.006006690592456809
2025-07-08,RB Leipzig vs Bayer Leverkusen,Bundesliga,Away Win,3.36,0.002917535781256526,Away Win,Home Win,False,-0.002917535781256526,0.01945023854171017,0.016532702760453644,0.7023808689894768,0.9999999166085244,0.006885383626285418
2025-07-09,Inter Milan vs Napoli,Serie A,Away Win,3.27,0.0024799054140680465,Away Win,Home Win,False,-0.0024799054140680465,0.016532702760453644,0.014052797346385598,0.6941894169712101,0.9999998145247269,0.005629383785861557
2025-07-10,Borussia Monchengladbach vs Wolfsburg,Bundesliga,Draw,3.3,0.0021079196019578397,Draw,Home Win,False,-0.0021079196019578397,0.014052797346385598,0.011944877744427759,0.6969696218368933,0.9999999248671964,0.004848214561869129
2025-07-11,Bayern Munich vs Borussia Dortmund,Bundesliga,Draw,3.39,0.0017917316616641637,Draw,Draw,True,0.004282238671377352,0.011944877744427759,0.016227116415805112,0.7050146177884691,0.9999998685259321,0.004282237872807765
2025-07-12,RB Leipzig vs Bayer Leverkusen,Bundesliga,Away Win,3.79,0.002434067462370767,Away Win,Draw,False,-0.002434067462370767,0.016227116415805112,0.013793048953434346,0.736147574733681,0.9999998174777442,0.006791046536225516
2025-07-13,Cruz Azul vs Pumas,Liga MX,Away Win,2.56,0.0020689573430151516,Away Win,Away Win,True,0.0032275734551036367,0.013793048953434346,0.017020622408537984,0.6093749389386776,0.9999999389386776,0.0032275731316904616
2025-07-14,Sevilla vs Real Betis,La Liga,Away Win,3.89,0.0025530933612806974,Away Win,Away Win,True,0.007378439814101216,0.017020622408537984,0.024399062222639198,0.742930396995808,0.9999998057361679,0.007378437884763522
2025-07-15,Cruz Azul vs Pumas,Liga MX,Away Win,4.47,0.0036598593333958796,Away Win,Away Win,True,0.0126997118868837,0.024399062222639198,0.0370987741095229,0.7762861513364705,0.999999797868909,0.012699708580105721
2025-07-16,Inter Milan vs Napoli,Serie A,Draw,3.25,0.005564816116428435,Draw,Home Win,False,-0.005564816116428435,0.0370987741095229,0.03153395799309446,0.6923076576768398,0.9999999653691475,0.01252083563564242
2025-07-17,Inter Milan vs Napoli,Serie A,Away Win,4.43,0.004730093698964169,Away Win,Home Win,False,-0.004730093698964169,0.03153395799309446,0.026803864294130293,0.7742661860667115,0.999999820378224,0.01622421762359581
2025-07-18,Seattle Sounders vs Portland Timbers,MLS,Away Win,3.77,0.004020579644119544,Away Win,Draw,False,-0.004020579644119544,0.026803864294130293,0.022783284650010747,0.7347478423627032,0.9999998317526236,0.011137003063987187
2025-07-19,RB Leipzig vs Bayer Leverkusen,Bundesliga,Away Win,4.43,0.003417492697501612,Away Win,Home Win,False,-0.003417492697501612,0.022783284650010747,0.019365791952509134,0.7742661536177495,0.999999787929262,0.011721996741787147
2025-07-20,Bologna vs Torino,Serie A,Away Win,3.89,0.00290486879287637,Away Win,Away Win,True,0.00839507081141271,0.019365791952509134,0.027760862763921847,0.7429303958267254,0.9999998045670853,0.008395068603032577
2025-07-21,Seattle Sounders vs Portland Timbers,MLS,Draw,3.39,0.004164129414588277,Draw,Away Win,False,-0.004164129414588277,0.027760862763921847,0.02359673334933357,0.7050146880779726,0.9999999388154357,0.009952268437160279
2025-07-22,Cruz Azul vs Pumas,Liga MX,Draw,3.38,0.0035395100024000355,Draw,Draw,True,0.008424033805712085,0.02359673334933357,0.032020767155045655,0.7041419660298787,0.9999999541955592,0.00842403325772865
2025-07-23,Villarreal vs Athletic Bilbao,La Liga,Away Win,3.32,0.004803115073256848,Away Win,Away Win,True,0.011143226969955886,0.032020767155045655,0.04316399412500154,0.6987951223306206,0.9999999416077291,0.011143226038812761
2025-07-24,Seattle Sounders vs Portland Timbers,MLS,Draw,3.26,0.006474599118750231,Draw,Draw,True,0.014632594008375521,0.04316399412500154,0.05779658813337706,0.6932514849356582,0.999999951193327,0.014632592978203648
2025-07-25,Monterrey vs Tigres,Liga MX,Home Win,4.47,0.00866948822000656,Home Win,Away Win,False,-0.00866948822000656,0.05779658813337706,0.049127099913370505,0.4174387333983819,0.6411523799308204,0.016176841412519634
2025-07-26,LA Galaxy vs LAFC,MLS,Draw,3.39,0.007369064987005575,Draw,Away Win,False,-0.007369064987005575,0.049127099913370505,0.04175803492636493,0.7050147111709804,0.9999999619084435,0.01761206436737319
2025-07-27,Liverpool vs Chelsea,Premier League,Away Win,2.32,0.006263705238954739,Away Win,Away Win,True,0.008268090915420256,0.04175803492636493,0.05002612584178519,0.23896551724137932,0.67,0.0034725981844765073
2025-07-28,RB Leipzig vs Bayer Leverkusen,Bundesliga,Home Win,3.14,0.007503918876267778,Home Win,Away Win,False,-0.007503918876267778,0.05002612584178519,0.04252220696551741,0.33537293904901694,0.6538442766286348,0.00790215956966667
2025-07-29,Club America vs Chivas,Liga MX,Home Win,4.38,0.006378331044827611,Home Win,Home Win,True,0.021558758931517326,0.04252220696551741,0.06408096589703474,0.4128418776477154,0.6411523799308204,0.011533600681847412
2025-07-30,Real Sociedad vs Getafe,La Liga,Draw,3.25,0.009612144884555212,Draw,Away Win,False,-0.009612144884555212,0.06408096589703474,0.05446882101247953,0.6923076364825396,0.9999999441748473,0.021627324246300993
2025-07-31,Monterrey vs Tigres,Liga MX,Away Win,3.29,0.00817032315187193,Away Win,Draw,False,-0.00817032315187193,0.05446882101247953,0.0462984978606076,0.6960484678981333,0.9999998356792884,0.018710035600786316
2025-08-01,LA Galaxy vs LAFC,MLS,Away Win,2.73,0.00694477467909114,Away Win,Home Win,False,-0.00694477467909114,0.0462984978606076,0.03935372318151646,0.6336994479393361,0.9999998142397023,0.012014456672954558
2025-08-02,Atalanta vs Fiorentina,Serie A,Over 2.5 Goals,1.8,0.0059030584772274694,Over 2.5 Goals,Away Win,True,0.004722446781781976,0.03935372318151646,0.04407616996329844,0.31456310679611654,0.7,0.0025973457299800873
2025-08-03,Sevilla vs Real Betis,La Liga,Away Win,4.45,0.006611425494494766,Away Win,Home Win,False,-0.006611425494494766,0.04407616996329844,0.03746474446880367,0.7752807241455271,0.9999998252691226,0.022809412815277156
2025-08-04,Villarreal vs Athletic Bilbao,La Liga,Away Win,3.45,0.00561971167032055,Away Win,Draw,False,-0.00561971167032055,0.03746474446880367,0.03184503279848312,0.7101447435831649,0.9999998160469331,0.01376829002580232
2025-08-05,Seattle Sounders vs Portland Timbers,MLS,Home Win,4.27,0.0047767549197724685,Home Win,Draw,False,-0.0047767549197724685,0.03184503279848312,0.027068277878710655,0.4069593238617254,0.6411513613324514,0.008300644946764114
2025-08-06,Monterrey vs Tigres,Liga MX,Draw,3.35,0.004060241681806598,Draw,Home Win,False,-0.004060241681806598,0.027068277878710655,0.023008036196904058,0.7014924704236805,0.9999999331102476,0.009541567042423827
2025-08-07,Inter Miami vs New York City FC,MLS,Away Win,4.07,0.0034512054295356086,Away Win,Home Win,False,-0.0034512054295356086,0.023008036196904058,0.01955683076736845,0.7542995706057638,0.9999998163060095,0.010595198088433932
2025-08-08,Seattle Sounders vs Portland Timbers,MLS,Home Win,3.28,0.0029335246151052674,Home Win,Away Win,False,-0.0029335246151052674,0.01955683076736845,0.016623306152263182,0.3732994495634753,0.6781774983439631,0.003591872647047022
2025-08-09,Osasuna vs Celta Vigo,La Liga,Away Win,3.45,0.0024934959228394772,Away Win,Draw,False,-0.0024934959228394772,0.016623306152263182,0.014129810229423705,0.7101447421485878,0.9999998146123559,0.0061090634161482145
2025-08-10,Real Madrid vs Barcelona,La Liga,Home Win,2.73,0.002119471534413556,Home Win,Home Win,True,0.0036666857545354517,0.014129810229423705,0.017796495983959156,0.2703290832919017,0.636629449592268,0.0015641665957043403
2025-08-11,LA Galaxy vs LAFC,MLS,Away Win,3.41,0.0026694743975938734,Away Win,Away Win,True,0.006433433298201235,0.017796495983959156,0.02422992928216039,0.7067446875598863,0.9999998195246956,0.006433431655351198
2025-08-12,Atalanta vs Fiorentina,Serie A,Away Win,2.76,0.003634489392324058,Away Win,Home Win,False,-0.003634489392324058,0.02422992928216039,0.02059543988983633,0.6376810680460364,0.9999999086257466,0.006396700413897778
2025-08-13,Eintracht Frankfurt vs VfB Stuttgart,Bundesliga,Away Win,4.11,0.0030893159834754495,Away Win,Home Win,False,-0.0030893159834754495,0.02059543988983633,0.01750612390636088,0.7566908021339953,0.9999998045670853,0.009607770227179598
2025-08-14,Cruz Azul vs Pumas,Liga MX,Draw,3.31,0.002625918585954132,Draw,Home Win,False,-0.002625918585954132,0.01750612390636088,0.014880205320406749,0.6978851250984703,0.9999999287238479,0.006065871314036663
2025-08-15,Manchester City vs Arsenal,Premier League,Over 2.5 Goals,1.8,0.002232030798061012,Over 2.5 Goals,Home Win,True,0.0017856246384488099,0.014880205320406749,0.016665829958855558,0.20119760479041915,0.7,0.0009820935511468457
2025-08-16,Bayern Munich vs Borussia Dortmund,Bundesliga,Draw,3.35,0.0024998744938283337,Draw,Home Win,False,-0.0024998744938283337,0.016665829958855558,0.014165955465027224,0.7014924798276558,0.999999942514223,0.005874704579077372
2025-08-17,Sevilla vs Real Betis,La Liga,Away Win,3.84,0.0021248933197540835,Away Win,Away Win,True,0.006034697028101597,0.014165955465027224,0.020200652493128822,0.7395831348464434,0.9999998015131101,0.006034695408529886
2025-08-18,Bologna vs Torino,Serie A,Away Win,4.44,0.0030300978739693234,Away Win,Draw,False,-0.0030300978739693234,0.020200652493128822,0.0171705546191595,0.7747746000438973,0.9999998252691226,0.010423534335689103
2025-08-19,Monterrey vs Tigres,Liga MX,Away Win,3.98,0.002575583192873925,Away Win,Draw,False,-0.002575583192873925,0.0171705546191595,0.014594971426285575,0.7487435125581627,0.9999997939651979,0.007675235802738398
2025-08-20,Bologna vs Torino,Serie A,Away Win,3.37,0.002189245713942836,Away Win,Draw,False,-0.002189245713942836,0.014594971426285575,0.012405725712342738,0.7032640245350239,0.9999999295795342,0.005188511822499364
2025-08-21,Real Madrid vs Barcelona,La Liga,Away Win,3.59,0.0018608588568514105,Away Win,Draw,False,-0.0018608588568514105,0.012405725712342738,0.010544866855491327,0.7214483037348044,0.9999998357682306,0.0048196233420975615
2025-08-22,Atletico Madrid vs Valencia,La Liga,Over 2.5 Goals,1.8,0.001581730028323699,Over 2.5 Goals,Away Win,True,0.0012653840226589594,0.010544866855491327,0.011810250878150286,0.34128440366972485,0.7,0.0006959612124624279
2025-08-23,AS Roma vs Lazio,Serie A,Away Win,3.19,0.0017715376317225429,Away Win,Away Win,True,0.0038796674134723686,0.011810250878150286,0.015689918291622654,0.6865203010861833,0.9999999249106347,0.0038796669891269686
2025-08-24,Cruz Azul vs Pumas,Liga MX,Away Win,4.15,0.002353487743743398,Away Win,Home Win,False,-0.002353487743743398,0.015689918291622654,0.013336430547879256,0.7590359611238047,0.9999998165454914,0.007413484600996265
2025-08-25,Sevilla vs Real Betis,La Liga,Away Win,2.98,0.002000464582181888,Away Win,Away Win,True,0.003960919872720139,0.013336430547879256,0.017297350420599395,0.6644294517178062,0.999999921516464,0.003960919404849607
2025-08-26,Cruz Azul vs Pumas,Liga MX,Away Win,3.94,0.002594602563089909,Away Win,Home Win,False,-0.002594602563089909,0.017297350420599395,0.014702747857509486,0.7461926847701917,0.9999997913691765,0.007628129402706899
2025-08-27,Real Sociedad vs Getafe,La Liga,Away Win,4.19,0.0022054121786264226,Away Win,Home Win,False,-0.0022054121786264226,0.014702747857509486,0.012497335678883063,0.761336321008778,0.9999998054956515,0.0070352630524664235
2025-08-28,Atletico Madrid vs Valencia,La Liga,Away Win,2.7,0.0018746003518324594,Away Win,Draw,False,-0.0018746003518324594,0.012497335678883063,0.010622735327050603,0.6296295684939802,0.9999999388643506,0.0031868202886819246
2025-08-29,RB Leipzig vs Bayer Leverkusen,Bundesliga,Away Win,3.71,0.0015934102990575905,Away Win,Away Win,True,0.00431814191044607,0.010622735327050603,0.014940877237496673,0.7304580350144634,0.9999998139902047,0.0043181408108394536
2025-08-30,Eintracht Frankfurt vs VfB Stuttgart,Bundesliga,Away Win,3.22,0.002241131585624501,Away Win,Away Win,True,0.004975312120086393,0.014940877237496673,0.019916189357583068,0.6894409108507238,0.9999999170619038,0.004975311521568291
2025-08-31,Borussia Monchengladbach vs Wolfsburg,Bundesliga,Draw,3.31,0.00298742840363746,Draw,Away Win,False,-0.00298742840363746,0.019916189357583068,0.016928760953945608,0.6978851461408131,0.9999999497661908,0.006900959115671136
2025-09-01,Eintracht Frankfurt vs VfB Stuttgart,Bundesliga,Home Win,3.53,0.002539314143091841,Home Win,Away Win,False,-0.002539314143091841,0.016928760953945608,0.014389446810853766,0.3192150284660815,0.6025011474462515,0.00286137294474399
2025-09-02,RB Leipzig vs Bayer Leverkusen,Bundesliga,Away Win,4.36,0.002158417021628065,Away Win,Draw,False,-0.002158417021628065,0.014389446810853766,0.012231029789225701,0.7706420008636683,0.9999997990288059,0.007252279301391042
2025-09-03,Osasuna vs Celta Vigo,La Liga,Home Win,4.36,0.0018346544683838552,Home Win,Draw,False,-0.0018346544683838552,0.012231029789225701,0.010396375320841846,0.3767807545593419,0.6061385527244795,0.0030139044779965507
2025-09-04,Bologna vs Torino,Serie A,Away Win,3.49,0.0015594562981262768,Away Win,Home Win,False,-0.0015594562981262768,0.010396375320841846,0.00883691902271557,0.7134668731467574,0.9999998244361556,0.003883045226827771
