date,match,league,market,odds,stake,profit_loss,bet_won,edge,confidence,bankroll_before,bankroll_after
2024-08-01,Team 1 vs Team 2,Championship,Over 1.5,1.9827141016656897,24.0,23.585138439976554,True,0.4227724144256276,0.7175882862942006,300.0,323.58513843997656
2024-08-01,Team 1 vs Team 2,Championship,BTTS No,2.2,25.886811075198125,-25.886811075198125,False,0.3942347269687554,0.6337430577130706,323.58513843997656,297.69832736477844
2024-08-02,Team 1 vs Team 2,MLS,BTTS No,2.49,23.815866189182277,35.4856406218816,True,0.4644412663371249,0.5881290226253513,297.69832736477844,333.18396798666004
2024-08-02,Team 1 vs Team 2,MLS,Over 9.5 Corners,1.838296810625795,26.654717438932803,-26.654717438932803,False,0.3888510894307796,0.755509709532698,333.18396798666004,306.52925054772726
2024-08-03,Liverpool vs Chelsea,Premier League,Over 1.5,2.3102421159312674,24.522340043818183,32.13020270659838,True,0.6455791776369105,0.7122972810031953,306.52925054772726,338.6594532543256
2024-08-03,Liverpool vs Chelsea,Premier League,BTTS No,2.01,27.09275626034605,-27.09275626034605,False,0.6085425101214573,0.8002699055330634,338.6594532543256,311.5666969939796
2024-08-03,Team 5 vs Team 6,Championship,Over 2.5,1.8058600348553637,9.912834968137966,7.98835753293913,True,0.064098294281862,0.5892473800535093,311.5666969939796,319.5550545269187
2024-08-04,Bayern Munich vs Borussia Dortmund,Bundesliga,Over 9.5 Corners,2.1545374029624274,25.564404362153496,29.515061020562047,True,0.627773927489477,0.755509709532698,319.5550545269187,349.0701155474807
2024-08-04,Bayern Munich vs Borussia Dortmund,Bundesliga,Home/Away,1.3,27.92560924379846,8.377682773139538,True,0.06582740916271738,0.8198672378174748,349.0701155474807,357.4477983206203
2024-08-04,Everton vs Nottingham Forest,Premier League,Home Under 1.5,1.605965927285762,16.455220354778806,-16.455220354778806,False,0.069739573916966,0.6661035304310158,357.4477983206203,340.99257796584146
2024-08-05,Team 1 vs Team 2,Ligue 1,Over 9.5 Corners,2.002427947646461,27.279406237267317,27.345639207437937,True,0.5013455504908648,0.7497625830959164,340.99257796584146,368.3382171732794
2024-08-05,Team 1 vs Team 2,Ligue 1,Home Under 1.5,1.7531431992145934,29.467057373862353,-29.467057373862353,False,0.17498945541469316,0.6702187567684644,368.3382171732794,338.87115979941706
2024-08-06,Bayern Munich vs Borussia Dortmund,Bundesliga,Over 9.5 Corners,2.058680724618895,27.109692783953363,-27.109692783953363,False,0.5258260836040209,0.7411669353860023,338.8711597994171,311.7614670154637
2024-08-06,Bayern Munich vs Borussia Dortmund,Bundesliga,Over 1.5,2.113293456017495,24.940917361237098,27.76656008533839,True,0.5164746295403427,0.7175882862942006,311.7614670154637,339.5280271008021
2024-08-07,Team 1 vs Team 2,MLS,Over 9.5 Corners,2.035853199665523,27.162242168064168,28.136095459879066,True,0.6614397756996719,0.8160901660162114,339.5280271008021,367.66412256068116
2024-08-07,Team 1 vs Team 2,MLS,Home Under 1.5,1.6231059268957106,21.448084637948078,13.36442865846629,True,0.09087389711421018,0.6720903910446395,367.66412256068116,381.02855121914746
2024-08-07,Newcastle vs Brighton,Premier League,Over 9.5 Corners,1.749421656861518,19.743116845242454,-19.743116845242454,False,0.09707881004212669,0.6271094254145101,381.02855121914746,361.285434373905
2024-08-08,Bologna vs Torino,Serie A,Over 1.5,1.8809170409167941,28.9028347499124,-28.9028347499124,False,0.38782548343094764,0.7378451325819747,361.285434373905,332.3825996239926
2024-08-08,Bologna vs Torino,Serie A,BTTS No,1.92,26.590607969919407,-26.590607969919407,False,0.3301888904799718,0.692806713791652,332.3825996239926,305.7919916540732
2024-08-09,Sassuolo vs Udinese,Serie A,BTTS No,2.33,24.463359332325854,-24.463359332325854,False,0.727010561228943,0.741206249454482,305.7919916540732,281.3286323217473
2024-08-09,Sassuolo vs Udinese,Serie A,Over 1.5,2.0571598532320343,22.506290585739784,23.792746852418187,True,0.47619381371400465,0.7175882862942006,281.3286323217473,305.1213791741655
2024-08-10,Sevilla vs Real Betis,La Liga,Under 11.5 Corners,1.477304364075881,24.40971033393324,11.650861268214465,True,0.251668218896086,0.8472649572649572,305.1213791741655,316.77224044237994
2024-08-10,Sevilla vs Real Betis,La Liga,Under 9.5 Corners,1.5989899947788218,23.08530336050677,-23.08530336050677,False,0.10913097782863257,0.6936447266401137,316.77224044237994,293.68693708187317
2024-08-10,Team 9 vs Team 10,Eredivisie,Under 3.5,1.5739444668038605,11.190416296356075,-11.190416296356075,False,0.0546728225158923,0.6700826139422631,293.68693708187317,282.4965207855171
2024-08-11,Team 1 vs Team 2,Ligue 1,Over 1.5,2.34182349952612,22.599721662841368,-22.599721662841368,False,0.7137253641196587,0.7317910015278436,282.4965207855171,259.8967991226757
2024-08-11,Team 1 vs Team 2,Ligue 1,Draw/Away,2.3,20.791743929814057,-20.791743929814057,False,0.5559952968841858,0.6765196942974722,259.8967991226757,239.10505519286164
2024-08-12,AS Roma vs Lazio,Serie A,Over 9.5 Corners,1.7501456653661827,19.128404415428932,-19.128404415428932,False,0.3406177693987552,0.7660035366931918,239.10505519286164,219.97665077743272
2024-08-12,AS Roma vs Lazio,Serie A,Over 2.5,1.6802274739894443,17.59813206219462,11.970732919599296,True,0.15461785392095126,0.6871794871794871,219.97665077743272,231.94738369703202
2024-08-13,Crystal Palace vs Fulham,Premier League,Over 9.5 Corners,2.0364724665955607,18.555790695762564,19.23256615206798,True,0.5140378057782019,0.7434609750993931,231.94738369703202,251.1799498491
2024-08-13,Crystal Palace vs Fulham,Premier League,Home/Away,1.37,20.094395987928003,7.4349265155333635,True,0.09430882839193233,0.7987655681692937,251.17994984910004,258.6148763646334
2024-08-13,Team 5 vs Team 6,Liga MX,Over 2.5,1.8154230027965848,11.49627260673817,9.37432512995456,True,0.09062051322926643,0.600752833664226,258.6148763646334,267.989201494588
2024-08-14,Sevilla vs Real Betis,La Liga,Over 1.5,2.134941939049533,21.43913611956704,-21.43913611956704,False,0.575256518072821,0.7378451325819747,267.989201494588,246.55006537502095
2024-08-14,Sevilla vs Real Betis,La Liga,Over 9.5 Corners,2.091135033556438,19.724005230001676,-19.724005230001676,False,0.5498801442993303,0.7411669353860023,246.55006537502095,226.82606014501928
2024-08-15,Brentford vs Wolves,Premier League,Over 9.5 Corners,2.025007730159779,18.146084811601543,18.599877204026537,True,0.5174129542974468,0.7493368700265252,226.82606014501928,245.42593734904582
2024-08-15,Brentford vs Wolves,Premier League,Home Under 1.5,1.7694513682646633,16.937960345997343,13.032936763840265,True,0.13275834763650893,0.6401748971193415,245.4259373490458,258.45887411288606
2024-08-15,Team 3 vs Team 4,Ligue 1,Home Under 1.5,1.6385789806451885,15.899243718267513,-15.899243718267513,False,0.09820636727495592,0.6702187567684644,258.45887411288606,242.55963039461855
2024-08-16,Aston Villa vs West Ham,Premier League,Over 9.5 Corners,2.198747238044293,19.404770431569485,-19.404770431569485,False,0.5677866603501006,0.7130363296076682,242.55963039461855,223.15485996304906
2024-08-16,Aston Villa vs West Ham,Premier League,Over 2.5,1.8257648396717403,17.852388797043925,-17.852388797043925,False,0.23274032213463727,0.67519118308592,223.15485996304906,205.30247116600515
2024-08-17,Team 1 vs Team 2,Championship,Over 9.5 Corners,2.1755991651748414,16.424197693280412,-16.424197693280412,False,0.6177532253864206,0.7435897435897436,205.30247116600515,188.87827347272474
2024-08-17,Everton vs Nottingham Forest,Premier League,Over 1.5,2.233517902454955,15.11026187781798,-15.11026187781798,False,0.6458121817218895,0.7368699305758448,188.87827347272474,173.76801159490677
2024-08-18,Team 1 vs Team 2,Liga MX,BTTS No,2.28,13.901440927592542,17.79384438731845,True,0.44493417158580084,0.6337430577130706,173.76801159490677,191.5618559822252
2024-08-18,Team 1 vs Team 2,Liga MX,Away Under 1.5,1.597866958778069,15.324948478578017,9.162280340318034,True,0.24527762911900436,0.7793374925727866,191.5618559822252,200.72413632254325
2024-08-19,Team 1 vs Team 2,MLS,Over 9.5 Corners,1.8448151675702444,16.05793090580346,-16.05793090580346,False,0.25723829041803215,0.6814982403217696,200.72413632254325,184.66620541673979
2024-08-19,Team 1 vs Team 2,MLS,Away Under 1.5,1.7239492642924306,6.655537107646933,4.818271192551968,True,0.06522946607472774,0.6179007051648561,184.66620541673979,189.48447660929176
2024-08-19,Atalanta vs Fiorentina,Serie A,Over 9.5 Corners,1.9118465346101965,15.158758128743342,13.822461068688764,True,0.294830319006167,0.6772668703087971,189.48447660929176,203.30693767798053
2024-08-20,Newcastle vs Brighton,Premier League,Over 9.5 Corners,2.113697930106188,16.264555014238443,-16.264555014238443,False,0.47884949585401465,0.6996503496503497,203.30693767798053,187.04238266374207
2024-08-20,Newcastle vs Brighton,Premier League,BTTS No,1.9,11.869167290787638,10.682250561708873,True,0.14277847632150076,0.6014623559586846,187.04238266374207,197.72463322545096
2024-08-20,RB Leipzig vs Bayer Leverkusen,Bundesliga,Over 2.5,1.7292476222408817,7.320314336122026,-7.320314336122026,False,0.06749692408818288,0.6173187173187173,197.72463322545096,190.40431888932892
2024-08-21,Team 1 vs Team 2,MLS,Over 1.5,2.172169959928408,15.232345511146313,17.854897827416043,True,0.602725032073959,0.7378451325819747,190.40431888932892,208.25921671674496
2024-08-21,Team 1 vs Team 2,MLS,Under 11.5 Corners,1.4927378874258097,16.660737337339597,-16.660737337339597,False,0.21284953353347033,0.8125,208.25921671674496,191.59847937940538
2024-08-21,Team 9 vs Team 10,Championship,Away Under 1.5,1.7914121517264043,5.391831550757589,-5.391831550757589,False,0.05567843000571912,0.5892995807739441,191.59847937940538,186.2066478286478
2024-08-22,Borussia Monchengladbach vs Wolfsburg,Bundesliga,Over 1.5,2.1802156860147828,14.896531826291824,17.58112052860805,True,0.5644972378790829,0.7175882862942006,186.2066478286478,203.78776835725583
2024-08-22,Borussia Monchengladbach vs Wolfsburg,Bundesliga,Over 9.5 Corners,2.095719920931536,16.303021468580468,17.86354539449812,True,0.5246527404977626,0.7275078722447144,203.78776835725583,221.65131375175395
2024-08-22,Team 3 vs Team 4,Ligue 1,Home Under 1.5,1.5955474236320966,9.349147612320792,-9.349147612320792,False,0.06279977185145098,0.6661035304310158,221.65131375175395,212.30216613943315
2024-08-23,Tottenham vs Manchester United,Premier League,Under 11.5 Corners,1.4506708627115728,16.984173291154654,-16.984173291154654,False,0.169584219340362,0.8062367897527026,212.30216613943315,195.3179928482785
2024-08-23,Tottenham vs Manchester United,Premier League,Under 3.5,1.5622068205184159,9.437460321850667,-9.437460321850667,False,0.06791238845872587,0.6835921943448825,195.3179928482785,185.88053252642783
2024-08-23,Bayern Munich vs Borussia Dortmund,Bundesliga,Under 9.5 Corners,1.6537558012542593,8.385502624013911,5.482070986881908,True,0.07373110718442907,0.6492682331757073,185.88053252642783,191.36260351330975
2024-08-24,Team 1 vs Team 2,MLS,Over 1.5,2.044601766370913,15.30900828106478,15.991817091787205,True,0.5836926074988377,0.7745726495726496,191.36260351330975,207.35442060509695
2024-08-24,Team 1 vs Team 2,MLS,Away Under 1.5,1.754200076959747,14.331790277872544,-14.331790277872544,False,0.13032079686316483,0.6443511271656966,207.35442060509695,193.0226303272244
2024-08-24,Atalanta vs Fiorentina,Serie A,Over 2.5,1.742164134692577,8.207566098439523,6.091361191380498,True,0.07889439156763665,0.6192840100901393,193.0226303272244,199.11399151860488
2024-08-25,Bologna vs Torino,Serie A,Over 11.5 Corners,3.3282175594907475,15.92911932148839,-15.92911932148839,False,0.9605373278128917,0.5890652557319224,199.11399151860488,183.18487219711648
2024-08-25,Bologna vs Torino,Serie A,Over 1.5,2.273391837265292,14.654789775769318,18.661289677303508,True,0.6751940852973679,0.7368699305758448,183.18487219711648,201.84616187441998
2024-08-25,Team 9 vs Team 10,MLS,Over 2.5,1.8273813078077028,6.8958354691218515,-6.8958354691218515,False,0.0706662603326895,0.5859019438133362,201.84616187441998,194.9503264052981
2024-08-26,Team 1 vs Team 2,Liga MX,Draw/Away,2.07,15.59602611242385,16.687747940293516,True,0.4124219109866166,0.6823294255973994,194.9503264052981,211.63807434559163
2024-08-26,Team 1 vs Team 2,Liga MX,Home Under 1.5,1.623617600868418,16.93104594764733,-16.93104594764733,False,0.2642362610302022,0.7786539517396246,211.63807434559163,194.7070283979443
2024-08-27,Team 1 vs Team 2,MLS,Over 9.5 Corners,2.0579011802960427,15.576562271835543,16.47846361232963,True,0.6278071117792637,0.7910035366931919,194.7070283979443,211.18549201027392
2024-08-27,Team 1 vs Team 2,MLS,Away +1,1.5463948515837806,12.192889807014842,6.662132216481266,True,0.07886588412234731,0.6976652069278416,211.18549201027392,217.8476242267552
2024-08-27,Team 1 vs Team 2,MLS,Over 2.5,1.7587257537413943,7.695282943032477,5.838609351205611,True,0.06700336269364424,0.6066911571765942,217.8476242267552,223.6862335779608
2024-08-28,Team 1 vs Team 2,Ligue 1,Over 1.5,1.9253823598013182,17.894898686236864,16.559623574675378,True,0.43179910683070544,0.7436440349326011,223.6862335779608,240.24585715263618
2024-08-28,Team 1 vs Team 2,Ligue 1,BTTS No,2.19,19.219668572210896,22.871405600930967,True,0.3878972963916245,0.6337430577130706,240.2458571526362,263.11726275356716
2024-08-28,Team 1 vs Team 2,Ligue 1,Away Under 1.5,1.7042938818255868,11.868731982911086,8.359075320591943,True,0.07942347865275728,0.6333552506194016,263.11726275356716,271.4763380741591
2024-08-29,Real Madrid vs Barcelona,La Liga,Over 9.5 Corners,2.1642609132918524,21.71810704593273,25.285543144267855,True,0.5904403046024701,0.7348653273894791,271.4763380741591,296.761881218427
2024-08-29,Newcastle vs Brighton,Premier League,Over 1.5,2.178564217154416,23.74095049747416,27.980234737557375,True,0.5633121631697039,0.7175882862942006,296.761881218427,324.7421159559844
2024-08-29,Newcastle vs Brighton,Premier League,Home Under 1.5,1.548583120695528,18.592441291330374,10.19949946494641,True,0.07851999297135266,0.6964559916467047,324.7421159559844,334.9416154209308
2024-08-30,Borussia Monchengladbach vs Wolfsburg,Bundesliga,Over 11.5 Corners,2.7959690364278442,26.795329233674465,48.12358162456918,True,0.8467202894924648,0.6604938271604938,334.9416154209308,383.0651970455
2024-08-30,Borussia Monchengladbach vs Wolfsburg,Bundesliga,Over 9.5 Corners,2.1557462496611444,30.64521576364,-30.64521576364,False,0.6286872229076942,0.755509709532698,383.0651970455,352.41998128186
2024-08-30,Bologna vs Torino,Serie A,Home Under 1.5,1.7448747344619706,10.982254292335721,8.180403749797406,True,0.05803022093159117,0.6063645716423495,352.41998128186,360.60038503165737
2024-08-31,Bayern Munich vs Borussia Dortmund,Bundesliga,Over 2.5,1.7487032432621161,28.84803080253259,-28.84803080253259,False,0.19134310535773502,0.6812723141837066,360.60038503165737,331.75235422912476
2024-08-31,Team 3 vs Team 4,Ligue 1,Home Over 1.5,3.7249372660578794,26.540188338329983,-26.540188338329983,False,1.3578727475383212,0.632996632996633,331.75235422912476,305.2121658907948
2024-09-01,Atalanta vs Fiorentina,Serie A,Over 11.5 Corners,3.626930402141321,24.416973271263583,-24.416973271263583,False,1.159191219226193,0.5953219333768902,305.2121658907948,280.7951926195312
2024-09-01,Atalanta vs Fiorentina,Serie A,Over 1.5,2.354749018590441,22.463615409562493,30.4325609300979,True,0.8103970692754666,0.7688280385648807,280.7951926195312,311.2277535496291
2024-09-01,Team 5 vs Team 6,Ligue 1,Over 2.5,1.7949401641417857,13.92501163900841,11.069551037989623,True,0.08891841193256914,0.6066600066600066,311.2277535496291,322.2973045876187
2024-09-02,Team 1 vs Team 2,Ligue 1,Draw/Away,2.18,25.7837843670095,-25.7837843670095,False,0.3381226605899206,0.6138177342155599,322.2973045876187,296.5135202206092
2024-09-02,Team 1 vs Team 2,Ligue 1,Over 9.5 Corners,1.7719259923904138,23.72108161764874,-23.72108161764874,False,0.25388930834062723,0.707642031171443,296.5135202206092,272.7924386029605
2024-09-03,Team 1 vs Team 2,Ligue 1,BTTS No,2.29,21.82339508823684,28.152179663825525,True,0.8326180836707152,0.8002699055330634,272.7924386029605,300.944618266786
2024-09-03,Team 1 vs Team 2,Ligue 1,Over 1.5,2.3010010430760452,24.07556946134288,31.32234098185687,True,0.7111257000571942,0.7436440349326011,300.944618266786,332.2669592486429
2024-09-04,AS Roma vs Lazio,Serie A,BTTS No,2.38,26.58135673989143,-26.58135673989143,False,0.6488799788241318,0.692806713791652,332.2669592486429,305.68560250875146
2024-09-04,AS Roma vs Lazio,Serie A,Over 9.5 Corners,1.7832719188697392,24.454848200700116,19.15479587583057,True,0.3472792494430938,0.755509709532698,305.68560250875146,324.84039838458204
2024-09-05,Team 1 vs Team 2,MLS,Over 9.5 Corners,2.193121258079323,25.987231870766564,31.005918783648077,True,0.6295664286605372,0.7430352620300019,324.84039838458204,355.84631716823014
2024-09-05,Team 1 vs Team 2,MLS,Home/Away,1.39,28.46770537345841,11.102405095648777,True,0.11028413975531808,0.7987655681692937,355.84631716823014,366.94872226387895
2024-09-05,Team 1 vs Team 2,MLS,Over 2.5,1.8700172872751888,17.85356409807555,-17.85356409807555,False,0.10582479555298341,0.5913446913446913,366.94872226387895,349.0951581658034
2024-09-06,Bayern Munich vs Borussia Dortmund,Bundesliga,Over 9.5 Corners,1.727746754648054,27.927612653264273,-27.927612653264273,False,0.3859704306264309,0.8021837846882578,349.0951581658034,321.16754551253916
2024-09-06,Team 3 vs Team 4,Ligue 1,Over 9.5 Corners,2.082154815056797,25.693403641003133,27.804240465309373,True,0.573088179525669,0.755509709532698,321.16754551253916,348.9717859778485
2024-09-07,Sevilla vs Real Betis,La Liga,BTTS No,2.0,27.917742878227884,-27.917742878227884,False,0.2674861154261412,0.6337430577130706,348.9717859778485,321.0540430996206
2024-09-07,Sevilla vs Real Betis,La Liga,Draw/Away,1.88,17.38118202497502,15.295440181978014,True,0.11910331384015599,0.5952677201277425,321.0540430996206,336.3494832815986
2024-09-07,Brentford vs Wolves,Premier League,Draw/Away,1.78,14.62491526429612,-14.62491526429612,False,0.08478854935983679,0.6094317693032791,336.3494832815986,321.7245680173025
2024-09-08,AS Roma vs Lazio,Serie A,BTTS No,2.31,25.7379654413842,-25.7379654413842,False,0.3893780422645614,0.6014623559586846,321.7245680173025,295.9866025759183
2024-09-08,AS Roma vs Lazio,Serie A,Over 9.5 Corners,1.838475295066013,23.678928206073465,19.854196314434386,True,0.3273512279904431,0.7219848053181387,295.9866025759183,315.8407988903527
2024-09-08,Juventus vs AC Milan,Serie A,BTTS No,1.83,11.610172511909868,9.636443184885191,True,0.07627611140439294,0.5881290226253513,315.8407988903527,325.4772420752379
2024-09-09,RB Leipzig vs Bayer Leverkusen,Bundesliga,Over 1.5,2.15122768003176,26.03817936601903,-26.03817936601903,False,0.5997476320375164,0.7436440349326011,325.4772420752379,299.43906270921883
2024-09-09,RB Leipzig vs Bayer Leverkusen,Bundesliga,Over 9.5 Corners,1.9118949009167523,23.955125016737508,21.844556353586263,True,0.41703328449259397,0.7411669353860023,299.43906270921883,321.2836190628051
2024-09-10,Borussia Monchengladbach vs Wolfsburg,Bundesliga,Over 9.5 Corners,1.7849986568046037,25.702689525024407,-25.702689525024407,False,0.2983707231892758,0.7273791037543639,321.2836190628051,295.58092953778066
2024-09-10,Brentford vs Wolves,Premier League,Over 9.5 Corners,2.123288643479662,23.646474363022453,26.561816110316098,True,0.6041651862893959,0.755509709532698,295.58092953778066,322.14274564809676
2024-09-10,Team 5 vs Team 6,MLS,Home Under 1.5,1.5874371313890918,12.590406717600231,7.396072405209031,True,0.0573974775555584,0.6661035304310158,322.14274564809676,329.5388180533058
2024-09-11,Aston Villa vs West Ham,Premier League,Draw/Away,1.99,26.363105444264466,26.09947438982182,True,0.24276989755713163,0.6245074862096138,329.5388180533058,355.6382924431276
2024-09-11,Aston Villa vs West Ham,Premier League,Under 11.5 Corners,1.465107495609686,28.45106339545021,13.232802843290253,True,0.20589616946335693,0.8230769230769232,355.6382924431276,368.87109528641787
2024-09-11,Aston Villa vs West Ham,Premier League,Away Under 1.5,1.6808897470583402,11.249819372290958,7.659886666851206,True,0.05191438665656026,0.6258080808080808,368.87109528641787,376.5309819532691
2024-09-12,Team 1 vs Team 2,Eredivisie,Over 1.5,2.1337020807692513,30.122478556261527,34.14991661716085,True,0.5722609041259737,0.7368699305758448,376.5309819532691,410.6808985704299
2024-09-12,Team 1 vs Team 2,Eredivisie,Over 9.5 Corners,1.8849659486931518,32.854471885634396,-32.854471885634396,False,0.4241100763761896,0.755509709532698,410.6808985704299,377.82642668479554
2024-09-13,Real Sociedad vs Getafe,La Liga,Over 1.5,2.276733595909281,30.226114134783643,38.59069538966667,True,0.6798768019275195,0.7378451325819747,377.82642668479554,416.4171220744622
2024-09-13,Real Sociedad vs Getafe,La Liga,Over 11.5 Corners,2.2786414849108656,33.31336976595698,-33.31336976595698,False,0.4401139109374896,0.6320054824218313,416.4171220744622,383.10375230850525
2024-09-13,Team 5 vs Team 6,MLS,Under 9.5 Corners,1.6832384451905855,12.017876631507248,8.211075344203284,True,0.05358258236003305,0.6259259259259259,383.10375230850525,391.3148276527085
2024-09-14,Team 1 vs Team 2,Eredivisie,Under 11.5 Corners,1.3754337723030055,31.305186212216682,-31.305186212216682,False,0.3467789020466928,0.9791666666666666,391.31482765270846,360.0096414404918
2024-09-14,Team 1 vs Team 2,Eredivisie,Draw/Away,1.83,19.99747512807722,16.597904356304095,True,0.11526013782500094,0.6094317693032791,360.0096414404918,376.6075457967959
2024-09-14,Atletico Madrid vs Valencia,La Liga,Home Under 1.5,1.5551254503536696,20.807578199497154,11.550816218765055,True,0.07667674444976129,0.6923407653092561,376.6075457967959,388.15836201556095
2024-09-15,Team 1 vs Team 2,Ligue 1,Over 9.5 Corners,1.8878962321007222,31.052668961244876,27.571547767360375,True,0.34613860001724545,0.7130363296076682,388.15836201556095,415.7299097829213
2024-09-15,Team 1 vs Team 2,Ligue 1,Home/Away,1.31,33.258392782633706,10.310101762616451,True,0.160945512820513,0.8862179487179488,415.7299097829213,426.04001154553777
2024-09-15,Osasuna vs Celta Vigo,La Liga,Away Over 1.5,1.7804631753525,11.765176253796668,-11.765176253796668,False,0.053881598962439874,0.5919142914897918,426.04001154553777,414.2748352917411
2024-09-16,Inter Milan vs Napoli,Serie A,Over 9.5 Corners,1.904858359245119,33.14198682333929,-33.14198682333929,False,0.3327348170802388,0.6996503496503497,414.2748352917411,381.13284846840185
2024-09-16,Inter Milan vs Napoli,Serie A,Home/Draw,2.23,30.49062787747215,-30.49062787747215,False,0.3250515819172537,0.594193534492042,381.13284846840185,350.6422205909297
2024-09-17,Sevilla vs Real Betis,La Liga,Over 9.5 Corners,2.0410981154613443,28.051377647274375,-28.051377647274375,False,0.5010639861191963,0.7354198089492208,350.6422205909297,322.59084294365533
2024-09-17,Team 3 vs Team 4,MLS,Over 9.5 Corners,1.725175023269292,25.807267435492427,18.714785763050063,True,0.2657276389670676,0.7336807117508872,322.59084294365533,341.3056287067054
2024-09-17,Real Madrid vs Barcelona,La Liga,Away +1,1.5410372267388766,13.57159058909381,7.342735734758751,True,0.05378416818514146,0.6838148682593127,341.3056287067054,348.6483644414642
2024-09-18,Bayern Munich vs Borussia Dortmund,Bundesliga,Over 9.5 Corners,2.0221926195813955,27.891869155317135,-27.891869155317135,False,0.5995615139637542,0.7910035366931919,348.6483644414642,320.75649528614707
2024-09-18,Bayern Munich vs Borussia Dortmund,Bundesliga,Draw/Away,2.23,25.660519622891766,31.562439136156872,True,0.568497691197691,0.7033621933621933,320.75649528614707,352.3189344223039
2024-09-18,Everton vs Nottingham Forest,Premier League,Away Under 1.5,1.7176484668455545,15.753768617046083,11.305667895062733,True,0.08022324938056889,0.6288965817111513,352.3189344223039,363.6246023173667
2024-09-19,Team 1 vs Team 2,Ligue 1,Over 2.5,2.736382498555156,29.089968185389335,50.511311640636336,True,0.7859431879240051,0.6526657690827233,363.6246023173667,414.135913958003
2024-09-19,Team 1 vs Team 2,Ligue 1,Over 9.5 Corners,2.0360076800428812,33.130873116640245,-33.130873116640245,False,0.5256556223132995,0.7493368700265252,414.135913958003,381.00504084136276
2024-09-20,Team 1 vs Team 2,Championship,Over 9.5 Corners,1.9363313611558506,30.480403267309022,28.539757479858693,True,0.4206489712383886,0.7336807117508872,381.00504084136276,409.54479832122144
2024-09-20,Team 1 vs Team 2,Championship,Draw/Away,2.34,32.76358386569772,-32.76358386569772,False,0.3770370370370369,0.588477366255144,409.54479832122144,376.7812144555237
2024-09-21,Atletico Madrid vs Valencia,La Liga,Home Under 1.5,1.7701266042999302,29.86747353692483,23.001735974009947,True,0.15261997607317765,0.6511511511511511,376.7812144555237,399.7829504295336
2024-09-21,Team 3 vs Team 4,Liga MX,Over 9.5 Corners,1.7153080839636867,31.98263603436269,22.87743810184794,True,0.30407396639803363,0.7602564102564102,399.7829504295336,422.66038853138156
2024-09-21,Team 3 vs Team 4,Liga MX,Over 2.5,1.8557492927874317,18.471206998162558,15.806722325607868,True,0.09349540881114682,0.5892473800535093,422.66038853138156,438.46711085698945
2024-09-22,Union Berlin vs SC Freiburg,Bundesliga,BTTS No,2.36,35.077368868559155,47.705221661240444,True,0.4194511600624955,0.6014623559586846,438.46711085698945,486.1723325182299
2024-09-22,Union Berlin vs SC Freiburg,Bundesliga,Over 9.5 Corners,1.7560772461863694,38.893786601458395,29.406707067390975,True,0.2914539928904535,0.7354198089492208,486.1723325182299,515.5790395856209
2024-09-22,Union Berlin vs SC Freiburg,Bundesliga,Away +1,1.5789183207260327,28.387680973507013,16.434148598489028,True,0.0796878234794873,0.6838148682593127,515.5790395856209,532.0131881841099
2024-09-23,RB Leipzig vs Bayer Leverkusen,Bundesliga,Over 1.5,2.397493973044111,42.5610550547288,-42.5610550547288,False,0.7666412174730204,0.7368699305758448,532.0131881841099,489.45213312938114
2024-09-23,RB Leipzig vs Bayer Leverkusen,Bundesliga,Over 9.5 Corners,1.9047138378264488,39.15617065035049,-39.15617065035049,False,0.4280831671072947,0.7497625830959164,489.45213312938114,450.29596247903066
2024-09-24,Team 1 vs Team 2,Championship,Home/Away,1.44,36.02367699832245,15.850417879261876,True,0.09542421167528599,0.7607112581078375,450.29596247903066,466.14638035829256
2024-09-24,Team 1 vs Team 2,Championship,Away Under 1.5,1.6812558943771043,15.692786623359778,10.690803386366024,True,0.05733608495548519,0.6288965817111513,466.14638035829256,476.8371837446586
2024-09-24,Team 1 vs Team 2,Championship,Under 11.5 Corners,1.3729578948640988,26.90077157852697,-26.90077157852697,False,0.0526010527291423,0.7666666666666666,476.8371837446586,449.9364121661316
2024-09-25,Juventus vs AC Milan,Serie A,Home/Away,1.34,35.99491297329053,12.238270410918783,True,0.15925581395348842,0.8651162790697674,449.9364121661316,462.1746825770504
2024-09-25,Juventus vs AC Milan,Serie A,Over 2.5,1.8346367246324005,18.633978928575637,-18.633978928575637,False,0.08412729929891134,0.5909220527110804,462.1746825770504,443.5407036484748
2024-09-25,Team 7 vs Team 8,Other,Draw/Away,1.53,26.464631545798518,14.026254719273215,True,0.07905844155844154,0.7052669552669553,443.5407036484748,457.566958367748
2024-09-26,Tottenham vs Manchester United,Premier League,Under 11.5 Corners,1.3842335876720715,36.60535666941984,14.065007521106976,True,0.08549941597361158,0.7841880341880342,457.566958367748,471.63196588885495
2024-09-26,Aston Villa vs West Ham,Premier League,Over 1.5,2.3704745299799788,37.730557271108395,51.70876774200495,True,0.7627892441792726,0.7436440349326011,471.6319658888549,523.3407336308599
2024-09-26,Crystal Palace vs Fulham,Premier League,Over 2.5,1.8736886071032006,30.0995204846194,-30.0995204846194,False,0.12562374012162453,0.600752833664226,523.3407336308599,493.24121314624045
2024-09-27,Eintracht Frankfurt vs VfB Stuttgart,Bundesliga,Over 9.5 Corners,1.966182707292636,39.45929705169924,-39.45929705169924,False,0.45726961157303603,0.7411669353860023,493.24121314624045,453.7819160945412
2024-09-27,Eintracht Frankfurt vs VfB Stuttgart,Bundesliga,Home Under 1.5,1.6898885973957656,33.05664443370423,22.80540206297875,True,0.12564076076043698,0.6661035304310158,453.7819160945412,476.58731815752
2024-09-28,RB Leipzig vs Bayer Leverkusen,Bundesliga,Over 1.5,2.1091266804870523,38.1269854526016,42.28765681202215,True,0.5277720444633183,0.724362390650957,476.58731815752,518.8749749695421
2024-09-28,RB Leipzig vs Bayer Leverkusen,Bundesliga,Over 11.5 Corners,2.1865274879009973,41.50999799756337,49.25275364682429,True,0.3304845557680923,0.6084920327460959,518.8749749695421,568.1277286163664
2024-09-28,Brentford vs Wolves,Premier League,Away +1,1.4651740447868893,27.93857795840663,12.996301314505843,True,0.05718917005757386,0.7215451118719093,568.1277286163663,581.1240299308722
2024-09-29,Osasuna vs Celta Vigo,La Liga,BTTS No,2.41,46.48992239446978,65.5507905762024,True,0.5381242192242366,0.6382258171054923,581.1240299308722,646.6748205070746
2024-09-29,Osasuna vs Celta Vigo,La Liga,Home Under 1.5,1.7941803249887298,51.73398564056597,41.086113528986964,True,0.2176797064372123,0.6786830116671028,646.6748205070746,687.7609340360616
2024-09-29,Eintracht Frankfurt vs VfB Stuttgart,Bundesliga,Away +1,1.5558223895958796,33.323017084785384,18.521678984609732,True,0.0673260070033237,0.6860204700361451,687.7609340360616,706.2826130206713
2024-09-30,Manchester City vs Arsenal,Premier League,Over 1.5,2.252973583362612,56.502609041653706,70.79627652025756,True,0.6601484879616203,0.7368699305758448,706.2826130206713,777.0788895409289
2024-09-30,Manchester City vs Arsenal,Premier League,BTTS No,2.41,62.166311163274315,-62.166311163274315,False,0.6547671001716563,0.686625352768322,777.0788895409289,714.9125783776547
2024-10-01,Eintracht Frankfurt vs VfB Stuttgart,Bundesliga,Over 9.5 Corners,1.7429014278776904,57.19300627021237,-57.19300627021237,False,0.3167789515199984,0.755509709532698,714.9125783776547,657.7195721074423
2024-10-01,Eintracht Frankfurt vs VfB Stuttgart,Bundesliga,Away Under 1.5,1.757618849753646,32.713070356443424,24.784038735358763,True,0.09420442916099722,0.6225493253638948,657.7195721074423,682.5036108428011
2024-10-01,Eintracht Frankfurt vs VfB Stuttgart,Bundesliga,Home Over 1.5,1.869407075211099,34.89753411545354,-34.89753411545354,False,0.11113554047695787,0.5943785894527468,682.503610842801,647.6060767273475
2024-10-02,Borussia Monchengladbach vs Wolfsburg,Bundesliga,Over 9.5 Corners,1.776865439158742,51.8084861381878,40.24822233589286,True,0.34243909181751103,0.755509709532698,647.6060767273475,687.8542990632403
2024-10-02,Borussia Monchengladbach vs Wolfsburg,Bundesliga,Home Under 1.5,1.6433132929636591,36.79306060680612,23.669464977175934,True,0.0860264485131894,0.6608760807591217,687.8542990632403,711.5237640404163
2024-10-02,RB Leipzig vs Bayer Leverkusen,Bundesliga,BTTS No,1.95,43.995115369766694,41.795359601278356,True,0.14685159411943483,0.5881290226253513,711.5237640404163,753.3191236416947
2024-10-03,Team 1 vs Team 2,Liga MX,Over 9.5 Corners,2.1701265694215777,60.265529891335575,-60.265529891335575,False,0.7041057997060466,0.7852564102564102,753.3191236416947,693.0535937503591
2024-10-03,Team 1 vs Team 2,Liga MX,BTTS No,2.37,55.444287500028736,75.95867387503938,True,0.4254657836220826,0.6014623559586846,693.0535937503591,769.0122676253985
2024-10-03,Atletico Madrid vs Valencia,La Liga,Under 3.5,1.5487519567910804,32.91276609400921,18.060944797494674,True,0.05871474863874524,0.6835921943448825,769.0122676253985,787.0732124228932
2024-10-04,RB Leipzig vs Bayer Leverkusen,Bundesliga,Over 1.5,2.3023998430686143,62.96585699383146,82.0067222674469,True,0.7121659093277319,0.7436440349326011,787.0732124228932,869.0799346903401
2024-10-04,RB Leipzig vs Bayer Leverkusen,Bundesliga,Over 9.5 Corners,1.9416250075464403,69.52639477522722,65.46779200490012,True,0.33806634155758747,0.6891476656702379,869.0799346903401,934.5477266952403
2024-10-04,RB Leipzig vs Bayer Leverkusen,Bundesliga,Home Under 1.5,1.5321391790559966,37.05828427158132,-37.05828427158132,False,0.05275323133907172,0.687113315637362,934.5477266952403,897.4894424236589
2024-10-05,Newcastle vs Brighton,Premier League,Over 1.5,2.1552115330091293,71.79915539389272,82.9432123713395,True,0.6027102005401856,0.7436440349326011,897.4894424236589,980.4326547949985
2024-10-05,Newcastle vs Brighton,Premier League,Over 9.5 Corners,1.7936105938329114,78.43461238359988,-78.43461238359988,False,0.35509021876147295,0.755509709532698,980.4326547949985,901.9980424113986
2024-10-05,AS Roma vs Lazio,Serie A,Draw/Away,1.82,26.959218138479052,22.106558873552824,True,0.06127108328986294,0.583115979829595,901.9980424113986,924.1046012849514
2024-10-06,Team 1 vs Team 2,Ligue 1,Over 11.5 Corners,4.1038493198679795,73.92836810279611,-73.92836810279611,False,1.4174350490933072,0.5890652557319224,924.1046012849514,850.1762331821553
2024-10-06,Team 1 vs Team 2,Ligue 1,Over 9.5 Corners,2.1176128257956672,68.01409865457242,-68.01409865457242,False,0.5998770509196004,0.755509709532698,850.1762331821553,782.1621345275829
2024-10-07,Union Berlin vs SC Freiburg,Bundesliga,Over 1.5,1.9898145499778037,62.57297076220664,-62.57297076220664,False,0.4662345093009503,0.7368699305758448,782.1621345275829,719.5891637653763
2024-10-07,Union Berlin vs SC Freiburg,Bundesliga,Over 9.5 Corners,1.7663738360415335,57.567133101230105,44.117944624703256,True,0.2594887167660722,0.7130363296076682,719.5891637653763,763.7071083900795
2024-10-08,Team 1 vs Team 2,Liga MX,Over 1.5,1.9693077228799507,61.09656867120636,59.22137585446558,True,0.4511236450410242,0.7368699305758448,763.7071083900795,822.9284842445451
2024-10-08,Team 1 vs Team 2,Liga MX,BTTS No,1.95,65.8342787395636,-65.8342787395636,False,0.235442153083435,0.6335600785043257,822.9284842445451,757.0942055049815
2024-10-09,AS Roma vs Lazio,Serie A,Over 9.5 Corners,2.1892299566953333,60.56753644039852,72.02872873815815,True,0.6539844886831724,0.755509709532698,757.0942055049815,829.1229342431396
2024-10-09,AS Roma vs Lazio,Serie A,Over 1.5,2.068652175416437,66.32983473945117,-66.32983473945117,False,0.5383408505987822,0.7436440349326011,829.1229342431396,762.7930995036885
2024-10-10,RB Leipzig vs Bayer Leverkusen,Bundesliga,Over 9.5 Corners,1.8917264257141577,61.02344796029508,54.41622113438784,True,0.28781046867099846,0.6807593588406046,762.7930995036885,817.2093206380763
2024-10-10,RB Leipzig vs Bayer Leverkusen,Bundesliga,Home/Away,1.38,65.37674565104611,24.843163347397514,True,0.10354339194554717,0.7996691245982227,817.2093206380763,842.0524839854738
2024-10-10,RB Leipzig vs Bayer Leverkusen,Bundesliga,Over 2.5,1.830566583286453,31.89772175755715,26.493181774796195,True,0.07865656321504666,0.5892473800535093,842.0524839854738,868.54566576027
2024-10-11,Tottenham vs Manchester United,Premier League,Over 9.5 Corners,2.1755455475568635,69.4836532608216,-69.4836532608216,False,0.6436457847098404,0.755509709532698,868.54566576027,799.0620124994484
2024-10-11,Tottenham vs Manchester United,Premier League,Home Under 1.5,1.7760690295168757,63.92496099995588,49.61018244513989,True,0.18107046543216407,0.6649913070965702,799.0620124994484,848.6721949445883
2024-10-12,RB Leipzig vs Bayer Leverkusen,Bundesliga,Over 9.5 Corners,1.910466273813671,67.89377559556706,-67.89377559556706,False,0.40167225554767966,0.7336807117508872,848.6721949445883,780.7784193490213
2024-10-12,RB Leipzig vs Bayer Leverkusen,Bundesliga,BTTS No,2.01,62.462273547921704,63.08689628340091,True,0.32765728419490475,0.6605260120372661,780.7784193490213,843.8653156324223
2024-10-12,RB Leipzig vs Bayer Leverkusen,Bundesliga,Draw/Away,1.87,37.94223035107851,33.00974040543831,True,0.09779327279466293,0.5870552260934025,843.8653156324223,876.8750560378605
2024-10-13,Team 1 vs Team 2,Eredivisie,BTTS No,2.38,70.15000448302884,-70.15000448302884,False,0.4314804071816693,0.6014623559586846,876.8750560378605,806.7250515548317
2024-10-13,Team 1 vs Team 2,Eredivisie,Over 9.5 Corners,1.7449899801706366,64.53800412438653,-64.53800412438653,False,0.2933288758823515,0.7411669353860023,806.7250515548317,742.1870474304451
2024-10-14,Real Madrid vs Barcelona,La Liga,Over 9.5 Corners,2.009408055492323,59.37496379443561,59.93356674866832,True,0.47426393235157366,0.7336807117508872,742.1870474304451,802.1206141791134
2024-10-14,Real Madrid vs Barcelona,La Liga,BTTS No,2.03,64.16964913432908,66.09473860835894,True,0.28649840715753316,0.6337430577130706,802.1206141791134,868.2153527874724
2024-10-14,Everton vs Nottingham Forest,Premier League,Draw/Away,1.78,44.7349245624646,34.89324115872239,True,0.10047403863193315,0.6182438419280524,868.2153527874724,903.1085939461948
2024-10-15,Team 1 vs Team 2,Ligue 1,Over 1.5,2.2955182559028966,72.24868751569558,-72.24868751569558,False,0.6472370114104118,0.7175882862942006,903.1085939461948,830.8599064304992
2024-10-15,Team 1 vs Team 2,Ligue 1,Away Under 1.5,1.5977040375392517,34.33498267214921,-34.33498267214921,False,0.06174975351786479,0.6645472055970693,830.8599064304992,796.52492375835
2024-10-15,Bologna vs Torino,Serie A,Away Under 1.5,1.7352488904139551,51.181157399939046,37.630889188407174,True,0.11810957845125644,0.6443511271656966,796.52492375835,834.1558129467572
2024-10-16,Union Berlin vs SC Freiburg,Bundesliga,Over 9.5 Corners,2.1955051068195126,66.73246503574057,79.77900274088242,True,0.6187198668923523,0.7372881355932203,834.1558129467572,913.9348156876397
2024-10-16,Team 3 vs Team 4,MLS,Over 9.5 Corners,1.9286234705913485,73.11478525501117,-73.11478525501117,False,0.43303524582805447,0.7430352620300019,913.9348156876397,840.8200304326285
2024-10-16,Juventus vs AC Milan,Serie A,Over 2.5,1.7810364848602516,22.91163956579802,17.894826428855946,True,0.05320647041331924,0.5913446913446913,840.8200304326285,858.7148568614845
2024-10-17,Sevilla vs Real Betis,La Liga,Home Under 1.5,1.7480805146594893,68.69718854891876,51.39102816533512,True,0.15526459937955173,0.6608760807591217,858.7148568614845,910.1058850268196
2024-10-17,Sevilla vs Real Betis,La Liga,BTTS No,1.88,54.08892861807192,47.598257183903286,True,0.13074922920232704,0.6014623559586846,910.1058850268196,957.7041422107229
2024-10-17,Sevilla vs Real Betis,La Liga,Under 3.5,1.3988961958063744,66.54376938016321,-66.54376938016321,False,0.06929085740166754,0.7643818466353678,957.7041422107229,891.1603728305597
2024-10-18,Union Berlin vs SC Freiburg,Bundesliga,Over 1.5,2.1263448283621638,71.29282982644477,80.30031017431989,True,0.5812436478213086,0.7436440349326011,891.1603728305597,971.4606830048796
2024-10-18,Union Berlin vs SC Freiburg,Bundesliga,Over 9.5 Corners,1.8769237093435618,77.71685464039037,68.15175244976552,True,0.4180340864611884,0.755509709532698,971.4606830048795,1039.612435454645
2024-10-18,Team 3 vs Team 4,Ligue 1,Home,1.605749017870766,37.750739358434316,-37.750739358434316,False,0.054990380334057835,0.6570082675392087,1039.612435454645,1001.8616960962107
2024-10-19,Everton vs Nottingham Forest,Premier League,Over 9.5 Corners,1.7852163093153957,80.14893568769686,62.93425147625033,True,0.33848839145726956,0.7497625830959164,1001.8616960962107,1064.795947572461
2024-10-19,Everton vs Nottingham Forest,Premier League,Home Under 1.5,1.7595085814487774,60.6959512299088,46.09909581831221,True,0.10823457753433816,0.6298546021422748,1064.795947572461,1110.8950433907733
2024-10-19,Team 3 vs Team 4,Liga MX,Home Under 1.5,1.6608724512287898,78.16859376840563,-78.16859376840563,False,0.1162564152216264,0.6720903910446395,1110.8950433907733,1032.7264496223677
2024-10-20,Team 1 vs Team 2,MLS,Over 1.5,2.252791357522227,82.61811596978941,103.50326166172127,True,0.7263715446899135,0.7663255360623782,1032.7264496223677,1136.229711284089
2024-10-20,Team 1 vs Team 2,MLS,Over 9.5 Corners,2.0947601700506824,90.89837690272712,99.51192255536057,True,0.5705727960636406,0.7497625830959164,1136.229711284089,1235.7416338394496
2024-10-20,Team 1 vs Team 2,MLS,Away Under 1.5,1.760479593741288,57.069287214516564,43.40002835600044,True,0.08780158240108119,0.6179007051648561,1235.7416338394496,1279.14166219545
2024-10-21,Liverpool vs Chelsea,Premier League,Over 9.5 Corners,2.181419013001841,102.331332975636,-102.331332975636,False,0.6030491971632322,0.7348653273894791,1279.14166219545,1176.8103292198139
2024-10-21,Liverpool vs Chelsea,Premier League,Over 2.5,2.543983477061361,94.14482633758512,-94.14482633758512,False,0.48307948742429124,0.582975282975283,1176.8103292198139,1082.6655028822288
2024-10-22,AS Roma vs Lazio,Serie A,Home/Away,1.41,86.6132402305783,35.51142849453709,True,0.12625945111870404,0.7987655681692937,1082.6655028822288,1118.1769313767659
2024-10-22,Team 3 vs Team 4,Ligue 1,Over 9.5 Corners,1.9739147266665014,89.45415451014127,87.12071843892721,True,0.46300032867670926,0.7411669353860023,1118.1769313767659,1205.2976498156931
2024-10-22,Team 3 vs Team 4,Ligue 1,Away Under 1.5,1.679753737228587,38.010884048666256,25.83804048744337,True,0.053592655082738985,0.6272304277298728,1205.2976498156931,1231.1356903031365
2024-10-23,Union Berlin vs SC Freiburg,Bundesliga,Under 11.5 Corners,1.4655248391867044,98.49085522425092,-98.49085522425092,False,0.27357294448888053,0.8690217391304348,1231.1356903031365,1132.6448350788855
2024-10-23,Union Berlin vs SC Freiburg,Bundesliga,Home/Away,1.29,90.61158680631084,-90.61158680631084,False,0.09284050826279652,0.8471631846998422,1132.6448350788855,1042.0332482725746
2024-10-24,Team 1 vs Team 2,Ligue 1,Over 9.5 Corners,1.821907822020019,83.36265986180597,-83.36265986180597,False,0.3366986276041564,0.7336807117508872,1042.0332482725746,958.6705884107687
2024-10-24,Team 1 vs Team 2,Ligue 1,Away +1,1.5639133061904251,47.211361439398615,26.623114919042422,True,0.0694271714415917,0.6838148682593127,958.6705884107687,985.2937033298111
2024-10-24,Team 3 vs Team 4,MLS,Under 11.5 Corners,1.5003227910952657,42.67885667280388,21.353204691292042,True,0.054179795879971314,0.7026353276353277,985.2937033298111,1006.6469080211032
2024-10-25,Eintracht Frankfurt vs VfB Stuttgart,Bundesliga,Over 9.5 Corners,1.739693448576283,80.53175264168826,-80.53175264168826,False,0.27940502358218094,0.7354198089492208,1006.6469080211032,926.1151553794149
2024-10-25,Liverpool vs Chelsea,Premier League,Over 1.5,1.9229967192986348,74.08921243035319,68.38410000863563,True,0.4169984590471625,0.7368699305758448,926.1151553794149,994.4992553880505
2024-10-25,Team 13 vs Team 14,Liga MX,Under 11.5 Corners,1.6310939143082548,41.191236517903626,25.995538689280927,True,0.06534831109334906,0.6531495836922193,994.4992553880505,1020.4947940773314
2024-10-26,Atalanta vs Fiorentina,Serie A,Over 2.5,1.8621091899825606,46.043325925179715,-46.043325925179715,False,0.09724296157078621,0.5892473800535093,1020.4947940773314,974.4514681521517
2024-10-26,Atalanta vs Fiorentina,Serie A,Under 11.5 Corners,1.3274329379392795,77.95611745217214,-77.95611745217214,False,0.08950842528417009,0.8207634405814385,974.4514681521517,896.4953506999796
2024-10-26,Team 7 vs Team 8,MLS,Over 2.5,1.7799300386370225,24.162569507156245,18.84511376928611,True,0.052552179312954354,0.5913446913446913,896.4953506999796,915.3404644692656
2024-10-26,Team 21 vs Team 22,Ligue 1,Draw/Away,1.68,31.68276215790971,21.5442782673786,True,0.0588422535211269,0.6302632461435279,915.3404644692656,936.8847427366442
2024-10-27,Real Sociedad vs Getafe,La Liga,Over 9.5 Corners,2.405905803045007,74.95077941893153,105.37373572782212,True,0.40498932410591587,0.5839752006615169,936.8847427366443,1042.2584784644664
2024-10-27,Real Sociedad vs Getafe,La Liga,Over 2.5,1.7259787598885907,83.38067827715732,-83.38067827715732,False,0.18605719910292892,0.6871794871794871,1042.2584784644664,958.877800187309
2024-10-27,Borussia Monchengladbach vs Wolfsburg,Bundesliga,Over 2.5,1.7905722484137385,26.72726447897728,-26.72726447897728,False,0.05509000617431679,0.5892473800535093,958.877800187309,932.1505357083317
2024-10-28,Bologna vs Torino,Serie A,Over 9.5 Corners,1.8772828145993714,74.57204285666654,65.42077164772137,True,0.3773261915729757,0.7336807117508872,932.1505357083317,997.5713073560531
2024-10-28,Bologna vs Torino,Serie A,Over 2.5,1.8728718735351888,47.35323569896647,-47.35323569896647,False,0.10358484465651735,0.5892473800535093,997.5713073560531,950.2180716570866
2024-10-28,Union Berlin vs SC Freiburg,Bundesliga,Home/Draw,1.92,62.900307401090735,-62.900307401090735,False,0.1522500059067674,0.6001302114097747,950.2180716570866,887.3177642559959
2024-10-29,RB Leipzig vs Bayer Leverkusen,Bundesliga,Over 1.5,2.013399138904085,70.98542114047967,71.93656465850592,True,0.48361328370571866,0.7368699305758448,887.317764255996,959.2543289145019
2024-10-29,RB Leipzig vs Bayer Leverkusen,Bundesliga,Home Under 1.5,1.752063879556267,76.74034631316016,-76.74034631316016,False,0.40048887221578905,0.7993366500829188,959.2543289145019,882.5139826013417
2024-10-30,Everton vs Nottingham Forest,Premier League,Over 9.5 Corners,2.154335514815917,70.60111860810734,-70.60111860810734,False,0.6276213990345489,0.755509709532698,882.5139826013417,811.9128639932344
2024-10-30,Manchester City vs Arsenal,Premier League,Over 1.5,1.9098264983388076,64.95302911945875,59.09598704025576,True,0.4202310832458714,0.7436440349326011,811.9128639932344,871.0088510334901
2024-10-31,Bologna vs Torino,Serie A,Over 2.5,1.503914610219473,69.68070808267922,-69.68070808267922,False,0.15755357163486236,0.7696936805913039,871.0088510334901,801.328142950811
2024-10-31,Team 3 vs Team 4,Other,Over 9.5 Corners,2.1679208751238077,64.10625143606488,-64.10625143606488,False,0.5270329138269967,0.7043766824468579,801.328142950811,737.2218915147461
2024-11-01,Brentford vs Wolves,Premier League,Over 9.5 Corners,1.860277649535495,58.97775132117969,50.737241281473395,True,0.4054578266507319,0.755509709532698,737.2218915147461,787.9591327962195
2024-11-01,Manchester City vs Arsenal,Premier League,Over 9.5 Corners,1.9962871440263066,63.03673062369756,62.80268432183926,True,0.5858902375902857,0.7944199021347739,787.9591327962195,850.7618171180587
2024-11-02,Villarreal vs Athletic Bilbao,La Liga,Over 1.5,2.1000429540278374,68.0609453694447,-68.0609453694447,False,0.6145719052472202,0.7688280385648807,850.7618171180587,782.7008717486141
2024-11-02,Villarreal vs Athletic Bilbao,La Liga,Over 2.5,2.241835723063737,62.61606973988913,-62.61606973988913,False,0.32569765370062825,0.5913446913446913,782.7008717486141,720.084802008725
2024-11-03,RB Leipzig vs Bayer Leverkusen,Bundesliga,Over 9.5 Corners,1.9237407834914444,57.606784160698,53.213735935025696,True,0.453404840551826,0.755509709532698,720.084802008725,773.2985379437507
2024-11-03,RB Leipzig vs Bayer Leverkusen,Bundesliga,Away +1,1.5920534748304234,46.325717756980545,-46.325717756980545,False,0.08866983715294696,0.6838148682593127,773.2985379437507,726.9728201867702
2024-11-03,RB Leipzig vs Bayer Leverkusen,Bundesliga,Over 2.5,1.8112051060859513,21.934005678295655,17.792977403151685,True,0.06118859230039854,0.5859019438133362,726.9728201867702,744.7657975899218
2024-11-04,Union Berlin vs SC Freiburg,Bundesliga,Over 2.5,1.884476803814455,59.58126380719375,52.698245779412595,True,0.6820595816636484,0.8925870449871898,744.7657975899218,797.4640433693344
2024-11-04,Union Berlin vs SC Freiburg,Bundesliga,Away +1,1.384250616407865,63.797123469546754,24.514084018222007,True,0.10736794167146757,0.7999764844209288,797.4640433693344,821.9781273875564
2024-11-05,Team 1 vs Team 2,Championship,Over 9.5 Corners,2.194060555753557,65.7582501910045,-65.7582501910045,False,0.6440904694970286,0.7493368700265252,821.9781273875564,756.2198771965518
2024-11-05,Team 1 vs Team 2,Championship,BTTS No,2.01,60.49759017572415,61.10256607748138,True,0.27649364783126806,0.6350714665827205,756.2198771965518,817.3224432740332
2024-11-06,Team 1 vs Team 2,Ligue 1,Over 9.5 Corners,2.146305170956676,65.38579546192265,74.95207544511749,True,0.6083055989264214,0.7493368700265252,817.322443274033,892.2745187191506
2024-11-06,Team 3 vs Team 4,Championship,Away Over 1.5,3.1695667479307894,71.38196149753205,154.86793006712142,True,0.953993987488552,0.6164861455478707,892.2745187191507,1047.142448786272
2024-11-06,Atalanta vs Fiorentina,Serie A,Home Under 1.5,1.6586498883088798,35.34435759930892,23.27955718513393,True,0.05557877348042988,0.6364084312914723,1047.142448786272,1070.422005971406
2024-11-07,RB Leipzig vs Bayer Leverkusen,Bundesliga,Over 1.5,1.8276895821638455,85.63376047771247,-85.63376047771247,False,0.35915045548460184,0.7436440349326011,1070.422005971406,984.7882454936935
2024-11-07,RB Leipzig vs Bayer Leverkusen,Bundesliga,BTTS No,2.04,78.78305963949548,81.9343820250753,True,0.2269832061557166,0.6014623559586846,984.7882454936936,1066.7226275187688
2024-11-08,Osasuna vs Celta Vigo,La Liga,Over 1.5,2.2180555293994333,85.33781020150151,-85.33781020150151,False,0.6344184239619292,0.7368699305758448,1066.7226275187688,981.3848173172673
2024-11-08,Osasuna vs Celta Vigo,La Liga,BTTS No,2.63,78.51078538538138,127.97258017817164,True,0.5467793295046737,0.5881290226253513,981.3848173172674,1109.357397495439
2024-11-08,Team 3 vs Team 4,Eredivisie,Home Under 1.5,1.622995975721316,41.754011936204826,26.012581406475398,True,0.05862083190052901,0.6522633744855967,1109.357397495439,1135.3699789019145
2024-11-09,Manchester City vs Arsenal,Premier League,Over 9.5 Corners,1.9349474816881405,90.82959831215315,-90.82959831215315,False,0.4108054267864094,0.7291182009526974,1135.3699789019145,1044.5403805897613
2024-11-09,Manchester City vs Arsenal,Premier League,Over 2.5,1.8310125007757765,39.314629548685325,-39.314629548685325,False,0.0781945562503763,0.5888515538771905,1044.5403805897613,1005.225751041076
2024-11-09,Team 5 vs Team 6,Eredivisie,Away Under 1.5,1.6982931485636226,63.29500340016362,44.198467212645454,True,0.10992174436157916,0.6535513290507741,1005.2257510410759,1049.4242182537214
2024-11-10,Real Madrid vs Barcelona,La Liga,Home/Draw,2.26,83.95393746029771,105.7819611999751,True,0.31841851349314043,0.5833710236695312,1049.4242182537214,1155.2061794536964
2024-11-10,Villarreal vs Athletic Bilbao,La Liga,Over 9.5 Corners,2.058841144078549,92.41649435629571,97.8543866159489,True,0.555474474736752,0.755509709532698,1155.2061794536964,1253.0605660696453
2024-11-10,Newcastle vs Brighton,Premier League,Over 2.5,1.8600628710829605,58.24167161342916,-58.24167161342916,False,0.09993830438227343,0.5913446913446913,1253.0605660696453,1194.8188944562162
2024-11-11,Bayern Munich vs Borussia Dortmund,Bundesliga,Home Over 1.5,2.3802475241098042,95.5855115564973,-95.5855115564973,False,0.529163723359556,0.6424389513571503,1194.8188944562162,1099.233382899719
2024-11-11,Bayern Munich vs Borussia Dortmund,Bundesliga,Under 11.5 Corners,1.4955229678125042,87.93867063197752,43.5756310570438,True,0.26710420341242336,0.8472649572649572,1099.233382899719,1142.8090139567628
2024-11-12,Team 1 vs Team 2,Eredivisie,Over 9.5 Corners,2.466202989945563,91.42472111654102,134.0471994560117,True,0.48451239806591095,0.6019425019425019,1142.8090139567628,1276.8562134127744
2024-11-12,Team 1 vs Team 2,Eredivisie,Under 11.5 Corners,1.4453121265039441,81.93568630778341,36.48695470627913,True,0.07143904365072745,0.7413201785294808,1276.8562134127744,1313.3431681190536
2024-11-12,Team 1 vs Team 2,Eredivisie,Over 2.5,1.7480377179360043,46.411361862793264,34.71744921414597,True,0.0660860201219678,0.6098758677706045,1313.3431681190536,1348.0606173331996
2024-11-13,Team 1 vs Team 2,Ligue 1,BTTS No,2.65,107.84484938665597,-107.84484938665597,False,0.593875243290514,0.6014623559586846,1348.0606173331996,1240.2157679465436
2024-11-13,Team 1 vs Team 2,Ligue 1,Over 9.5 Corners,2.0936928114396114,99.21726143572349,-99.21726143572349,False,0.5568485008140701,0.7435897435897436,1240.2157679465436,1140.99850651082
2024-11-14,Real Madrid vs Barcelona,La Liga,Under 11.5 Corners,1.3713714833342872,91.2798805208656,-91.2798805208656,False,0.1242465803744651,0.8197972570065594,1140.99850651082,1049.7186259899545
2024-11-14,Team 3 vs Team 4,Eredivisie,Over 9.5 Corners,1.9117030070405823,83.97749007919636,76.56253022892399,True,0.35030244071961486,0.7063348416289593,1049.7186259899545,1126.2811562188786
2024-11-14,Real Sociedad vs Getafe,La Liga,Home Under 1.5,1.6905202634171554,34.228994288850735,23.63581415284152,True,0.05246428483317399,0.6225682753460532,1126.2811562188786,1149.91697037172
2024-11-15,Sevilla vs Real Betis,La Liga,Over 9.5 Corners,2.069193467453899,91.9933576297376,-91.9933576297376,False,0.3486447651749343,0.6517731601165427,1149.91697037172,1057.9236127419824
2024-11-15,Real Sociedad vs Getafe,La Liga,Over 9.5 Corners,1.9591560727028106,84.63388901935859,-84.63388901935859,False,0.4520617023480182,0.7411669353860023,1057.9236127419824,973.2897237226239
2024-11-16,Team 1 vs Team 2,Ligue 1,Over 9.5 Corners,2.0612636590865936,77.8631778978099,82.63336108394012,True,0.5123093885048902,0.7336807117508872,973.2897237226239,1055.923084806564
2024-11-16,Team 1 vs Team 2,Ligue 1,Draw/Away,1.94,84.47384678452512,-84.47384678452512,False,0.24420892446879852,0.6413448064272158,1055.923084806564,971.4492380220389
2024-11-17,Liverpool vs Chelsea,Premier League,BTTS No,2.0,77.71593904176312,77.71593904176312,True,0.20292471191736916,0.6014623559586846,971.4492380220389,1049.165177063802
2024-11-17,Liverpool vs Chelsea,Premier League,Away Under 1.5,1.5365674238243285,83.93321416510416,-83.93321416510416,False,0.14272501595016346,0.7436868686868686,1049.165177063802,965.2319628986979
2024-11-18,Bayern Munich vs Borussia Dortmund,Bundesliga,Over 9.5 Corners,1.9772552832021382,77.21855703189584,75.46224282066582,True,0.4816302851581009,0.7493368700265252,965.2319628986979,1040.6942057193637
2024-11-18,Team 3 vs Team 4,Eredivisie,Over 9.5 Corners,2.052226160214617,83.2555364575491,87.60365344333492,True,0.3985885169285635,0.6814982403217696,1040.6942057193637,1128.2978591626986
2024-11-18,Team 3 vs Team 4,Eredivisie,Home Under 1.5,1.7060119388564314,52.771049192835015,-52.771049192835015,False,0.0825513193470243,0.6345508461521534,1128.2978591626986,1075.5268099698635
2024-11-19,Team 1 vs Team 2,Liga MX,Over 2.5,2.6755589369887702,86.04214479758909,-86.04214479758909,False,0.7172474155422135,0.6418275418275419,1075.5268099698635,989.4846651722744
2024-11-19,Team 1 vs Team 2,Liga MX,Over 9.5 Corners,2.1872169008386035,79.15877321378196,93.97863340905208,True,0.6210928474190176,0.7411669353860023,989.4846651722743,1083.4632985813264
2024-11-19,Juventus vs AC Milan,Serie A,Away Under 1.5,1.6736321870341837,50.4434775040744,-50.4434775040744,False,0.07840678617626623,0.6443511271656966,1083.4632985813264,1033.019821077252
2024-11-20,Bayern Munich vs Borussia Dortmund,Bundesliga,BTTS No,2.53,82.64158568618015,-82.64158568618015,False,0.5216997605754718,0.6014623559586846,1033.019821077252,950.3782353910717
2024-11-20,Bayern Munich vs Borussia Dortmund,Bundesliga,Over 9.5 Corners,1.927724114811866,76.03025883128574,70.53510457317162,True,0.45641428604069023,0.755509709532698,950.3782353910717,1020.9133399642433
2024-11-20,Juventus vs AC Milan,Serie A,Under 2.5,1.7885965408794455,39.933908031952136,31.491741737795362,True,0.07711658890385928,0.6022132796780684,1020.9133399642433,1052.4050817020386
2024-11-21,Atletico Madrid vs Valencia,La Liga,Over 1.5,2.225641268828871,84.19240653616309,103.18968797273908,True,0.5970941040045599,0.7175882862942006,1052.4050817020384,1155.5947696747776
2024-11-21,Atletico Madrid vs Valencia,La Liga,Away Under 1.5,1.7547722293915593,57.905969193429755,-57.905969193429755,False,0.09455264641666761,0.6237576752603312,1155.5947696747776,1097.688800481348
2024-11-21,Atletico Madrid vs Valencia,La Liga,Home Under 1.5,1.633508202979942,55.13254650183717,34.92692046008695,True,0.07954649907325993,0.6608760807591217,1097.688800481348,1132.6157209414348
2024-11-22,Borussia Monchengladbach vs Wolfsburg,Bundesliga,Over 9.5 Corners,3.036467459507385,90.60925767531478,-90.60925767531478,False,0.8001505767475042,0.5928436911487759,1132.615720941435,1042.0064632661201
2024-11-22,Borussia Monchengladbach vs Wolfsburg,Bundesliga,BTTS No,2.67,83.36051706128961,-83.36051706128961,False,0.5737922567342261,0.5894353021476503,1042.0064632661201,958.6459462048306
2024-11-23,Team 1 vs Team 2,Eredivisie,Over 1.5,2.283025624183892,76.69167569638645,98.39738508006485,True,0.6845193443640093,0.7378451325819747,958.6459462048306,1057.0433312848954
2024-11-23,Team 1 vs Team 2,Eredivisie,BTTS No,2.33,84.56346650279164,-84.56346650279164,False,0.40140728938373504,0.6014623559586846,1057.0433312848954,972.4798647821037
2024-11-24,Real Madrid vs Barcelona,La Liga,Over 9.5 Corners,1.7010747206187715,77.7983891825683,-77.7983891825683,False,0.22364758124053327,0.7193379376041914,972.4798647821037,894.6814755995355
2024-11-24,Real Madrid vs Barcelona,La Liga,Home Under 1.5,1.6838315991998711,35.83624633058362,24.50595763756351,True,0.06847676605001184,0.6345508461521534,894.6814755995355,919.187433237099
2024-11-24,Sevilla vs Real Betis,La Liga,Away Under 1.5,1.586921384728344,34.194075054924866,-34.194075054924866,False,0.054584171723452805,0.6645472055970693,919.187433237099,884.9933581821741
2024-11-24,Real Madrid vs Barcelona,La Liga,Home Under 1.5,1.739431883234476,26.20150494528327,19.37422814526824,True,0.054729868778518244,0.6063645716423495,884.9933581821741,904.3675863274424
2024-11-25,Team 1 vs Team 2,Championship,Over 9.5 Corners,2.1386862393778245,72.3494069061954,82.38327407123164,True,0.6157982194939184,0.755509709532698,904.3675863274424,986.750860398674
2024-11-25,Inter Milan vs Napoli,Serie A,Over 9.5 Corners,1.953805154400689,78.94006883189392,75.29344454060559,True,0.4966216582803154,0.7660035366931918,986.7508603986739,1062.0443049392795
2024-11-25,Team 5 vs Team 6,MLS,Away +1,1.4768768594924608,58.46830147469054,27.88217998710884,True,0.06563327880352161,0.7215451118719093,1062.0443049392795,1089.9264849263884
2024-11-26,Team 1 vs Team 2,MLS,Over 1.5,2.1805791620296624,87.19411879411108,102.93955969986649,True,0.6890169791362236,0.7745726495726496,1089.9264849263884,1192.866044626255
2024-11-26,Team 1 vs Team 2,MLS,Under 11.5 Corners,1.4561735134286304,95.4292835701004,-95.4292835701004,False,0.32369337965256906,0.9090217391304347,1192.866044626255,1097.4367610561546
2024-11-26,Borussia Monchengladbach vs Wolfsburg,Bundesliga,Home Under 1.5,1.6947351179843113,35.25157835118093,24.49050944494088,True,0.055790252144851615,0.6229824595837669,1097.4367610561546,1121.9272705010956
2024-11-27,Sassuolo vs Udinese,Serie A,Home Over 1.5,1.8347782813273925,89.75418164008765,-89.75418164008765,False,0.3820407833375165,0.7532467532467533,1121.9272705010956,1032.173088861008
2024-11-27,Sassuolo vs Udinese,Serie A,Over 2.5,1.6378668139938257,82.57384710888064,52.671116774554974,True,0.22502443562718996,0.7479389808503732,1032.173088861008,1084.844205635563
2024-11-28,Liverpool vs Chelsea,Premier League,Under 11.5 Corners,1.4701523774304874,86.78753645084504,-86.78753645084504,False,0.3042016207718901,0.8871200297287253,1084.844205635563,998.056669184718
2024-11-28,Liverpool vs Chelsea,Premier League,Home Under 1.5,1.634142247031487,79.84453353477744,50.63279190892469,True,0.20711008829592317,0.7386811585641996,998.056669184718,1048.6894610936426
2024-11-29,Team 1 vs Team 2,Ligue 1,Draw/Away,1.97,83.89515688749141,81.37830218086667,True,0.20058058552745997,0.6094317693032791,1048.6894610936426,1130.0677632745094
2024-11-29,Team 1 vs Team 2,Ligue 1,Home/Away,1.35,75.96130516290417,26.586456807016464,True,0.058816067653277154,0.7843081982616867,1130.0677632745094,1156.6542200815259
2024-11-29,Atalanta vs Fiorentina,Serie A,Under 3.5,1.362394774182293,67.01194789536963,24.284779725058065,True,0.05248928180832294,0.77252886002886,1156.6542200815259,1180.938999806584
2024-11-30,Inter Milan vs Napoli,Serie A,Home +1,1.588724555004656,94.47511998452671,55.619822971901975,True,0.2510002291453331,0.7874242424242425,1180.938999806584,1236.558822778486
2024-11-30,Inter Milan vs Napoli,Serie A,Under 11.5 Corners,1.3260628726031098,98.92470582227888,32.25567375182984,True,0.2041387584832127,0.9080555555555555,1236.558822778486,1268.8144965303159
2024-11-30,Team 3 vs Team 4,Ligue 1,Away +1,1.5537850271691638,57.28039310661095,31.72102405280493,True,0.06250130365697439,0.6838148682593127,1268.8144965303159,1300.5355205831208
2024-12-01,RB Leipzig vs Bayer Leverkusen,Bundesliga,BTTS No,2.16,104.04284164664966,-104.04284164664966,False,0.37856776494786354,0.6382258171054923,1300.535520583121,1196.4926789364713
2024-12-01,RB Leipzig vs Bayer Leverkusen,Bundesliga,Over 9.5 Corners,2.0608638012016414,95.7194143149177,101.5452617189184,True,0.3307590702041534,0.6457287810228988,1196.4926789364713,1298.0379406553898
2024-12-01,RB Leipzig vs Bayer Leverkusen,Bundesliga,Over 2.5,1.7535160652731783,59.20681196168524,44.613283986738004,True,0.08592446065985632,0.6192840100901393,1298.0379406553898,1342.6512246421278
2024-12-02,Team 1 vs Team 2,MLS,BTTS No,2.1,107.41209797137023,118.15330776850726,True,0.2630709475132377,0.6014623559586846,1342.651224642128,1460.8045324106351
2024-12-02,Team 1 vs Team 2,MLS,Under 11.5 Corners,1.387639652053241,116.86436259285081,45.301260852916485,True,0.19221373438907632,0.8591666666666667,1460.8045324106351,1506.1057932635517
2024-12-03,Real Sociedad vs Getafe,La Liga,Home Under 1.5,1.6554017040096618,49.18762505045207,32.23765327425461,True,0.05351160160601902,0.6364084312914723,1506.1057932635517,1538.3434465378064
2024-12-03,Team 3 vs Team 4,MLS,Over 9.5 Corners,2.092494229142062,123.06747572302451,134.4505070224851,True,0.41717701771026316,0.6772668703087971,1538.3434465378064,1672.7939535602914
2024-12-03,Team 3 vs Team 4,MLS,Away Under 1.5,1.6898981265309079,86.21035839765683,59.47636474610157,True,0.08888776262538951,0.6443511271656966,1672.7939535602914,1732.270318306393
2024-12-03,Team 3 vs Team 4,MLS,Over 2.5,1.8329691882232346,66.60839632603013,-66.60839632603013,False,0.08007229187934878,0.5892473800535093,1732.270318306393,1665.6619219803629
2024-12-04,Team 1 vs Team 2,Eredivisie,Over 1.5,2.2914306445852817,133.25295375842904,172.08694796514075,True,0.6884863399949199,0.7368699305758448,1665.6619219803629,1837.7488699455037
2024-12-04,Team 1 vs Team 2,Eredivisie,Over 9.5 Corners,1.875204333066389,147.01990959564029,128.67246192513315,True,0.32276440369268294,0.7053974760871312,1837.7488699455037,1966.4213318706368
2024-12-04,Team 1 vs Team 2,Eredivisie,Away +1,1.5759129855923855,106.02897408686474,61.06346302566394,True,0.0776327306309972,0.6838148682593127,1966.4213318706368,2027.4847948963006
2024-12-05,Osasuna vs Celta Vigo,La Liga,Over 1.5,2.3514348374745566,162.19878359170406,-162.19878359170406,False,0.7486304904206643,0.7436440349326011,2027.4847948963006,1865.2860113045965
2024-12-05,Osasuna vs Celta Vigo,La Liga,Over 9.5 Corners,1.8332480899394925,149.2228809043677,124.33968048883277,True,0.38503673193155946,0.755509709532698,1865.2860113045965,1989.6256917934293
2024-12-06,Team 1 vs Team 2,Ligue 1,Over 9.5 Corners,1.9393839367216748,159.17005534347433,149.52179319675975,True,0.4251860115928704,0.7348653273894791,1989.625691793429,2139.147484990189
2024-12-06,Team 1 vs Team 2,Ligue 1,Over 2.5,1.5659567299877135,170.87064640237057,96.70539228877252,True,0.11301861251658397,0.7107594936708862,2139.147484990189,2235.8528772789614
2024-12-06,Atalanta vs Fiorentina,Serie A,Under 11.5 Corners,1.4697009968574626,111.02665495594357,-111.02665495594357,False,0.05831033320718986,0.7200854700854701,2235.8528772789614,2124.8262223230176
2024-12-07,Sassuolo vs Udinese,Serie A,Over 9.5 Corners,2.0990524167270435,169.98609778584142,186.82363158152856,True,0.49670063087715655,0.7130363296076682,2124.8262223230176,2311.649853904546
2024-12-07,Osasuna vs Celta Vigo,La Liga,Over 1.5,2.0837679926932315,184.9319883123637,200.42336975805856,True,0.6141428257576049,0.7746269409155072,2311.649853904546,2512.0732236626045
2024-12-07,Team 7 vs Team 8,MLS,Home Under 1.5,1.714216117370731,95.56576571344468,68.25461014141739,True,0.06792657305775326,0.6229824595837669,2512.0732236626045,2580.327833804022
2024-12-08,RB Leipzig vs Bayer Leverkusen,Bundesliga,Over 9.5 Corners,1.830659481469788,206.42622670432175,171.46990243597682,True,0.4022916372867823,0.7660035366931918,2580.327833804022,2751.797736239999
2024-12-08,RB Leipzig vs Bayer Leverkusen,Bundesliga,Over 2.5,1.53687285621897,186.80407124660232,-186.80407124660232,False,0.09111319662299176,0.70995670995671,2751.797736239999,2564.9936649933966
2024-12-09,Union Berlin vs SC Freiburg,Bundesliga,Over 9.5 Corners,2.006952681069989,205.19949319947173,-205.19949319947173,False,0.4724624714977809,0.7336807117508872,2564.9936649933966,2359.7941717939248
2024-12-09,Union Berlin vs SC Freiburg,Bundesliga,Over 2.5,1.8297241806993692,112.86635856853592,-112.86635856853592,False,0.09921198637910039,0.600752833664226,2359.7941717939248,2246.927813225389
2024-12-09,Real Sociedad vs Getafe,La Liga,Draw/Away,1.79,103.39607176038386,-103.39607176038386,False,0.09088286705286971,0.6094317693032791,2246.927813225389,2143.531741465005
2024-12-10,Team 1 vs Team 2,Ligue 1,Over 9.5 Corners,2.0038769327423003,171.4825393172004,172.14736558861205,True,0.5015788686994689,0.7493368700265252,2143.531741465005,2315.679107053617
2024-12-10,Team 1 vs Team 2,Ligue 1,BTTS No,2.11,185.25432856428935,-185.25432856428935,False,0.3937098853986315,0.6605260120372661,2315.679107053617,2130.4247784893278
2024-12-11,Brentford vs Wolves,Premier League,Over 9.5 Corners,1.7414959678024404,170.43398227914622,126.3761106364995,True,0.2777020011685946,0.7336807117508872,2130.4247784893278,2256.8008891258273
2024-12-11,Newcastle vs Brighton,Premier League,Over 9.5 Corners,2.149878461409892,180.5440711300662,207.60373872771856,True,0.6242540519103912,0.755509709532698,2256.800889125828,2464.404627853546
2024-12-11,Sevilla vs Real Betis,La Liga,Away +1,1.5805549472286753,137.20739386584785,79.65643130517137,True,0.0808069730157815,0.6838148682593127,2464.404627853546,2544.0610591587174
2024-12-12,Eintracht Frankfurt vs VfB Stuttgart,Bundesliga,Over 9.5 Corners,2.9862748095691884,203.5248847326974,-203.5248847326974,False,0.8040295286490566,0.6041070041070041,2544.0610591587174,2340.53617442602
2024-12-12,Borussia Monchengladbach vs Wolfsburg,Bundesliga,Under 11.5 Corners,1.4244241080424853,187.2428939540816,79.47039825375475,True,0.29345622477524563,0.9080555555555555,2340.53617442602,2420.0065726797748
2024-12-13,Union Berlin vs SC Freiburg,Bundesliga,BTTS No,2.58,193.600525814382,305.8888307867236,True,0.5173728783734064,0.5881290226253513,2420.0065726797748,2725.8954034664985
2024-12-13,Union Berlin vs SC Freiburg,Bundesliga,Under 11.5 Corners,1.4056059256286244,218.07163227731988,88.45114626318734,True,0.24694117053053763,0.8871200297287253,2725.8954034664985,2814.3465497296856
2024-12-14,RB Leipzig vs Bayer Leverkusen,Bundesliga,Over 11.5 Corners,4.337622809107991,225.14772397837487,-225.14772397837487,False,1.5551428893158181,0.5890652557319224,2814.3465497296856,2589.198825751311
2024-12-14,RB Leipzig vs Bayer Leverkusen,Bundesliga,Over 9.5 Corners,2.0536718991935783,207.13590606010487,218.25328352953332,True,0.5515690600352046,0.755509709532698,2589.198825751311,2807.452109280844
2024-12-14,Newcastle vs Brighton,Premier League,Under 9.5 Corners,1.6752183972764962,124.56954850169686,-124.56954850169686,False,0.07490034345618674,0.6416478861524666,2807.452109280844,2682.8825607791473
2024-12-15,Aston Villa vs West Ham,Premier League,Under 11.5 Corners,1.3895708816938406,214.63060486233178,83.6138339747009,True,0.23271616187841088,0.8871200297287253,2682.8825607791473,2766.496394753848
2024-12-15,AS Roma vs Lazio,Serie A,Over 9.5 Corners,1.9835502744777016,221.31971158030785,217.67906307213755,True,0.49859149171415185,0.755509709532698,2766.496394753848,2984.1754578259856
2024-12-15,Team 5 vs Team 6,Ligue 1,Away Under 1.5,1.759299238424707,94.49849002773868,-94.49849002773868,False,0.060110935603816286,0.6025756803902499,2984.1754578259856,2889.676967798247
2024-12-16,Team 1 vs Team 2,Championship,Over 9.5 Corners,1.9891514083119954,231.17415742385975,228.6662433811498,True,0.4617584008964378,0.7348653273894791,2889.676967798247,3118.343211179397
2024-12-16,Sevilla vs Real Betis,La Liga,BTTS No,2.5,249.46745689435176,374.20118534152766,True,0.6513150300931653,0.6605260120372661,3118.3432111793963,3492.5443965209242
2024-12-16,Team 5 vs Team 6,Championship,BTTS No,1.88,207.56703990909855,182.6589951200067,True,0.13074922920232704,0.6014623559586846,3492.5443965209242,3675.203391640931
2024-12-17,Manchester City vs Arsenal,Premier League,Over 1.5,2.391996675715969,294.0162713312745,-294.0162713312745,False,0.7625904243724779,0.7368699305758448,3675.203391640931,3381.1871203096566
2024-12-17,Manchester City vs Arsenal,Premier League,Over 9.5 Corners,1.7273318335768797,270.4949696247725,196.73960223050818,True,0.1698646249113691,0.6772668703087971,3381.1871203096566,3577.926722540165
2024-12-17,RB Leipzig vs Bayer Leverkusen,Bundesliga,Under 3.5,1.5430057331140934,144.39826065781182,78.40908338889506,True,0.05478667498619729,0.6835921943448825,3577.926722540165,3656.33580592906
2024-12-18,Team 1 vs Team 2,Eredivisie,Over 9.5 Corners,1.855775166067729,292.5068644743248,250.32011052146603,True,0.35307945045599576,0.7291182009526974,3656.33580592906,3906.655916450526
2024-12-18,Team 1 vs Team 2,Eredivisie,Under 11.5 Corners,1.6936624393251494,182.72985409830656,126.75283633135997,True,0.08111338638605009,0.6383287255380279,3906.655916450526,4033.408752781886
2024-12-18,Villarreal vs Athletic Bilbao,La Liga,BTTS No,2.01,322.6727002225509,325.89942722477633,True,0.5436582995951416,0.7679892037786775,4033.4087527818856,4359.308180006662
2024-12-19,Tottenham vs Manchester United,Premier League,Over 1.5,2.301529273288965,348.74465440053297,-348.74465440053297,False,0.6981721717911923,0.7378451325819747,4359.308180006662,4010.563525606129
2024-12-19,Tottenham vs Manchester United,Premier League,Over 9.5 Corners,2.1546044877733745,320.8450820484903,370.4491716132035,True,0.40968111800875595,0.6542644490012911,4010.5635256061296,4381.012697219333
2024-12-19,Atalanta vs Fiorentina,Serie A,Away Under 1.5,1.7147677741533818,146.0147206541818,104.36661687561734,True,0.05955621684334535,0.6179007051648561,4381.012697219333,4485.37931409495
2024-12-20,Atletico Madrid vs Valencia,La Liga,Over 9.5 Corners,1.8623633529159405,358.830345127596,-358.830345127596,False,0.4070335958058638,0.755509709532698,4485.37931409495,4126.548968967354
2024-12-20,Atletico Madrid vs Valencia,La Liga,Home/Away,1.33,330.12391751738835,108.94089278073818,True,0.1040560218798079,0.830117309684066,4126.548968967354,4235.489861748092
2024-12-21,Villarreal vs Athletic Bilbao,La Liga,Over 11.5 Corners,3.7774745594697725,338.83918893984736,-338.83918893984736,False,1.422354887257326,0.6412630579297246,4235.489861748092,3896.650672808245
2024-12-21,Villarreal vs Athletic Bilbao,La Liga,Over 9.5 Corners,2.166851218392857,311.7320538246596,-311.7320538246596,False,0.6370771346085602,0.755509709532698,3896.650672808245,3584.9186189835855
2024-12-22,Real Sociedad vs Getafe,La Liga,BTTS No,2.67,286.79348951868684,478.945127496207,True,0.7040629316716643,0.6382258171054923,3584.9186189835855,4063.8637464797926
2024-12-22,Real Sociedad vs Getafe,La Liga,Over 9.5 Corners,1.815155901622734,325.1090997183834,265.0146013066942,True,0.3352093459409504,0.7355893478611311,4063.863746479793,4328.878347786487
2024-12-22,Real Sociedad vs Getafe,La Liga,Draw/Away,1.78,143.59328972028018,-143.59328972028018,False,0.06468347975122092,0.5981367863770904,4328.878347786487,4185.285058066207
2024-12-23,Crystal Palace vs Fulham,Premier League,Over 9.5 Corners,2.137033890246995,334.82280464529657,-334.82280464529657,False,0.6145498536820387,0.755509709532698,4185.285058066207,3850.4622534209107
2024-12-23,Crystal Palace vs Fulham,Premier League,Home/Draw,2.27,308.03698027367284,391.20696494756453,True,0.3619722112212924,0.5999877582472654,3850.462253420911,4241.669218368475
2024-12-23,Tottenham vs Manchester United,Premier League,Home,1.8089261008373219,163.21896487564916,-163.21896487564916,False,0.07781846841557101,0.5958333333333333,4241.669218368475,4078.450253492826
2024-12-24,Newcastle vs Brighton,Premier League,Under 11.5 Corners,1.4494442066696878,326.27602027942606,146.6428670898296,True,0.3244828332221339,0.913786696395392,4078.450253492826,4225.0931205826555
2024-12-24,Newcastle vs Brighton,Premier League,Draw/Away,2.14,338.00744964661243,-338.00744964661243,False,0.2656841487521622,0.5914411910056833,4225.0931205826555,3887.0856709360432
2024-12-25,Real Madrid vs Barcelona,La Liga,BTTS No,2.17,310.96685367488345,363.8312187996136,True,0.4333414461208675,0.6605260120372661,3887.0856709360432,4250.916889735657
2024-12-25,Real Madrid vs Barcelona,La Liga,Over 9.5 Corners,1.8024107583323572,340.07335117885253,272.8785156080491,True,0.42571328441475265,0.7910035366931919,4250.916889735657,4523.795405343706
2024-12-25,Crystal Palace vs Fulham,Premier League,Away +1,1.5454093354170755,188.3601220647636,102.73336899442194,True,0.056773881104939444,0.6838148682593127,4523.795405343706,4626.528774338128
2024-12-26,Team 1 vs Team 2,Eredivisie,Over 9.5 Corners,2.1936620534493203,370.12230194705023,441.80094696950533,True,0.33077499691175927,0.6066454013822434,4626.528774338128,5068.329721307633
2024-12-26,Team 1 vs Team 2,Eredivisie,BTTS No,1.88,405.46637770461064,356.8104123800573,True,0.19986453615832556,0.6382258171054923,5068.329721307633,5425.140133687691
2024-12-26,Team 1 vs Team 2,Eredivisie,Over 2.5,1.8066634375791215,273.9673513640757,220.99944543579232,True,0.10184043176299021,0.6098758677706045,5425.140133687691,5646.139579123483
2024-12-27,Eintracht Frankfurt vs VfB Stuttgart,Bundesliga,Over 1.5,1.8716762207107975,451.6911663298786,-451.6911663298786,False,0.34309293171746696,0.7175882862942006,5646.139579123483,5194.448412793604
2024-12-27,Eintracht Frankfurt vs VfB Stuttgart,Bundesliga,Over 9.5 Corners,1.9324472545771592,415.55587302348835,387.48393292416625,True,0.3047818784366663,0.6751966323252465,5194.448412793604,5581.93234571777
2024-12-28,Team 1 vs Team 2,Liga MX,Over 1.5,2.175644004679576,446.55458765742156,524.9892237416078,True,0.6031666466859922,0.7368699305758448,5581.93234571777,6106.921569459378
2024-12-28,Team 1 vs Team 2,Liga MX,BTTS No,2.25,488.55372555675024,-488.55372555675024,False,0.42592187985440894,0.6337430577130706,6106.921569459378,5618.367843902627
2024-12-29,Real Madrid vs Barcelona,La Liga,Over 1.5,2.0017771225034062,449.4694275122102,450.26818974643527,True,0.46488248531229254,0.7317910015278436,5618.367843902627,6068.6360336490625
2024-12-29,Real Madrid vs Barcelona,La Liga,Over 9.5 Corners,1.911029712126437,485.490882691925,-485.490882691925,False,0.4438015027170001,0.755509709532698,6068.636033649063,5583.145150957138
2024-12-30,Team 1 vs Team 2,Ligue 1,Over 1.5,2.084470400901216,446.65161207657104,484.38045281185333,True,0.5359835595994823,0.7368699305758448,5583.145150957138,6067.5256037689915
2024-12-30,Team 1 vs Team 2,Ligue 1,Over 9.5 Corners,1.9814538978367828,485.4020483015193,-485.4020483015193,False,0.4847764619068729,0.7493368700265252,6067.5256037689915,5582.123555467472
2024-12-31,Villarreal vs Athletic Bilbao,La Liga,Over 9.5 Corners,1.950854932683614,446.5698844373978,-446.5698844373978,False,0.4517765700128215,0.744174538911381,5582.123555467472,5135.553671030075
2024-12-31,Villarreal vs Athletic Bilbao,La Liga,Draw/Away,2.06,410.844293682406,435.4949513033504,True,0.32117030124006457,0.6413448064272158,5135.553671030075,5571.048622333426
2024-12-31,Eintracht Frankfurt vs VfB Stuttgart,Bundesliga,Home Under 1.5,1.6370028156106426,230.24102853116,146.6641834434392,True,0.06581533988748833,0.651077279601326,5571.048622333426,5717.712805776865
2025-01-01,Juventus vs AC Milan,Serie A,Home/Draw,1.98,457.4170244621492,448.2686839729062,True,0.30882689075630254,0.6610236822001528,5717.712805776865,6165.981489749771
2025-01-01,Tottenham vs Manchester United,Premier League,Over 9.5 Corners,2.5451096654122263,493.2785191799817,-493.2785191799817,False,0.5439790745358272,0.6066454013822434,6165.981489749771,5672.70297056979
